fekudo_vj3Q.0000.wav|데살로니가전서 3장
fekudo_vj3Q.0001.wav|이러므로 우리가 참다 못하여 우리만 아덴에 머물기를 좋게 생각하고
fekudo_vj3Q.0002.wav|우리 형제 곧 그리스도의 복음을 전하는 하나님의 일꾼인 디모데를 보내노니
fekudo_vj3Q.0003.wav|이는 너희를 굳건하게 하고 너희 믿음에 대하여 위로함으로
fekudo_vj3Q.0004.wav|아무도 이 여러 환난 중에 흔들리지 않게 하려 함이라
fekudo_vj3Q.0005.wav|우리가 이것을 위하여 세움 받은 줄을 너희가 친히 알리라
fekudo_vj3Q.0006.wav|우리가 너희와 함께 있을 때에 장차 받을 환난을 너희에게 미리 말하였는데
fekudo_vj3Q.0007.wav|과연 그렇게 된 것을 너희가 아느니라
fekudo_vj3Q.0008.wav|이러므로 나도 참다 못하여 너희 믿음을 알기 위하여 그를 보내었노니
fekudo_vj3Q.0009.wav|이는 혹 시험하는 자가 너희를 시험하여 우리 수고를 헛되게 할까 함이니
fekudo_vj3Q.0010.wav|지금은 디모데가 너희에게로부터 와서 너희 믿음과 사랑의 기쁜 소식을 우리에게 전하고
fekudo_vj3Q.0011.wav|또 너희가 항상 우리를 잘 생각하여 우리가 너희를 간절히 보고자 함과 같이
fekudo_vj3Q.0012.wav|너희도 우리를 간절히 보고자 한다 하니
fekudo_vj3Q.0013.wav|이러므로 형제들아
fekudo_vj3Q.0014.wav|우리가 모든 궁핍과 환난 가운데서
fekudo_vj3Q.0015.wav|너희 믿음으로 말미암아 너희에게 위로를 받았노라
fekudo_vj3Q.0016.wav|그러므로 너희가 주 안에 굳게 선즉 우리가 이제는 살리라
fekudo_vj3Q.0017.wav|우리가 우리 하나님 앞에서 너희로 말미암아 모든 기쁨으로 기뻐하니
fekudo_vj3Q.0018.wav|너희를 위하여 능히 어떠한 감사로 하나님께 보답할까 주야로 심히 간구함은 너희 얼굴을 보고 너희 믿음이 부족한 것을 보충하게 하려 함이라
fekudo_vj3Q.0019.wav|하나님 우리 아버지와 우리 주 예수는
fekudo_vj3Q.0020.wav|우리 길을 너희에게로 갈 수 있게 하시오며
fekudo_vj3Q.0021.wav|또 주께서 우리가 너희를 사랑함과 같이
fekudo_vj3Q.0022.wav|너희도 피차간과 모든 사람에 대한 사랑이 더욱 많아 넘치게 하사
fekudo_vj3Q.0023.wav|너희 마음을 굳건하게 하시고
fekudo_vj3Q.0024.wav|우리 주 예수께서 그의 모든 성도와 함께 강림하실 때에
fekudo_vj3Q.0025.wav|하나님 우리 아버지 앞에서 거룩함에 흠이 없
oy_zeZ6OnY0.0000.wav|데살로니가전서 4장
oy_zeZ6OnY0.0001.wav|그러므로 형제들아 우리가 끝으로 주 예수 안에서 너희에게 구하고 권면하노니
oy_zeZ6OnY0.0002.wav|너희가 마땅히 어떻게 행하며 하나님을 기쁘시게 할 수 있는지를 우리에게 배웠으니
oy_zeZ6OnY0.0003.wav|곧 너희가 행하는 바라 더욱 많이 힘쓰라
oy_zeZ6OnY0.0004.wav|우리가 주 예수로 말미암아 너희에게 무슨 명령으로 준 것을 너희가 아느니라
oy_zeZ6OnY0.0005.wav|하나님의 뜻은 이것이니 너희의 거룩함이라
oy_zeZ6OnY0.0006.wav|곧 음란을 버리고
oy_zeZ6OnY0.0007.wav|각각 거룩함과 존귀함으로 자기의 아내 대할 줄을 알고
oy_zeZ6OnY0.0008.wav|하나님을 모르는 이방인과 같이 색욕을 따르지 말고
oy_zeZ6OnY0.0009.wav|이 일에 분수를 넘어서 형제를 해하지 말라
oy_zeZ6OnY0.0010.wav|이는 우리가 너희에게 미리 말하고 증언한 것과 같이 이 모든 일에 주께서 신원하여 주심이라
oy_zeZ6OnY0.0011.wav|하나님이 우리를 부르심은 부정하게 하심이 아니요 거룩하게 하심이니
oy_zeZ6OnY0.0012.wav|그러므로 저버리는 자는 사람을 저버림이 아니요
oy_zeZ6OnY0.0013.wav|너희에게 그의 성령을 주신 하나님을 저버림이니라
oy_zeZ6OnY0.0014.wav|형제 사랑에 관하여는 너희에게 쓸 것이 없음은
oy_zeZ6OnY0.0015.wav|너희들 자신이 하나님의 가르치심을 받아 서로 사랑함이라
oy_zeZ6OnY0.0016.wav|너희가 온 마게도냐 모든 형제에 대하여 과연 이것을 행하도다
oy_zeZ6OnY0.0017.wav|형제들아 권하노니 더욱 그렇게 행하고
oy_zeZ6OnY0.0018.wav|또 너희에게 명한 것 같이 조용히 자기 일을 하고
oy_zeZ6OnY0.0019.wav|너희 손으로 일하기를 힘쓰라
oy_zeZ6OnY0.0020.wav|이는 외인에 대하여 단정히 행하고
oy_zeZ6OnY0.0021.wav|또한 아무 궁핍함이 없게 하려 함이라
oy_zeZ6OnY0.0022.wav|형제들아
oy_zeZ6OnY0.0023.wav|자는 자들에 관하여는 너희가 알지 못함을 우리가 원하지 아니하노니
oy_zeZ6OnY0.0024.wav|이는 소망 없는 다른 이와 같이 슬퍼하지 않게 하려 함이라
oy_zeZ6OnY0.0025.wav|우리가 예수께서 죽으셨다가 다시 살아나심을 믿을진대
oy_zeZ6OnY0.0026.wav|이와 같이 예수 안에서 자는 자들도 하나님이 그와 함께 데리고 오시리라
oy_zeZ6OnY0.0027.wav|우리가 주의 말씀으로 너희에게 이것을 말하노니
oy_zeZ6OnY0.0028.wav|주께서 강림하실 때까지 우리 살아 남아 있는 자도 자는 자보다 결코 앞서지 못하리라
oy_zeZ6OnY0.0029.wav|주께서 호령과 천사장의 소리와 하나님의 나팔 소리로 친히 하늘로부터 강림하시리니
oy_zeZ6OnY0.0030.wav|그리스도 안에서 죽은 자들이 먼저 일어나고
oy_zeZ6OnY0.0031.wav|그 후에 우리 살아 남은 자들도 그들과 함께 구름 속으로 끌어 올려 공중에서 주를 영접하게 하시리니
oy_zeZ6OnY0.0032.wav|그리하여 우리가 항상 주와 함께 있으리라
TsIVdGePxwA.0001.wav|야곱이 길을 떠나 동방 사람의 땅에 이르러
TsIVdGePxwA.0002.wav|본즉 들에 우물이 있고 그 곁에 양 세 떼가 누워 있으니
TsIVdGePxwA.0003.wav|이는 목자들이 그 우물에서 양 떼에게 물을 먹임이라
TsIVdGePxwA.0004.wav|큰 돌로 우물 아귀를 덮었다가
TsIVdGePxwA.0005.wav|모든 떼가 모이면 그들이 우물 아귀에서 돌을 옮기고
TsIVdGePxwA.0006.wav|그 양 떼에게 물을 먹이고는 우물 아귀 그 자리에 다시 그 돌을 덮더라
TsIVdGePxwA.0000.wav|창세기 29장
TsIVdGePxwA.0007.wav|야곱이 그들에게 이르되
TsIVdGePxwA.0008.wav|내 형제여 어디서 왔느냐
TsIVdGePxwA.0009.wav|그들이 이르되
TsIVdGePxwA.0010.wav|하란에서 왔노라
TsIVdGePxwA.0011.wav|야곱이 그들에게 이르되
TsIVdGePxwA.0012.wav|너희가 나홀의 손자 라반을 아느냐
TsIVdGePxwA.0013.wav|그들이 이르되 아노라
TsIVdGePxwA.0014.wav|야곱이 그들에게 이르되 그가 평안하냐 이르되 평안하니라
TsIVdGePxwA.0015.wav|그의 딸 라헬이 지금 양을 몰고 오느니라
TsIVdGePxwA.0016.wav|야곱이 이르되
TsIVdGePxwA.0017.wav|해가 아직 높은즉 가축 모일 때가 아니니 양에게 물을 먹이고 가서 풀을 뜯게 하라
TsIVdGePxwA.0018.wav|그들이 이르되
TsIVdGePxwA.0019.wav|우리가 그리하지 못하겠노라
TsIVdGePxwA.0020.wav|떼가 다 모이고 목자들이 우물 아귀에서 돌을 옮겨야 우리가 양에게 물을 먹이느니라
TsIVdGePxwA.0021.wav|야곱이 그들과 말하는 동안에 라헬이 그의 아버지의 양과 함께 오니
TsIVdGePxwA.0022.wav|그가 그의 양들을 치고 있었기 때문이더라
TsIVdGePxwA.0023.wav|야곱이 그의 외삼촌 라반의 딸 라헬과
TsIVdGePxwA.0024.wav|그의 외삼촌의 양을 보고 나아가 우물 아귀에서 돌을 옮기고
TsIVdGePxwA.0025.wav|외삼촌 라반의 양 떼에게 물을 먹이고
TsIVdGePxwA.0026.wav|그가 라헬에게 입맞추고 소리 내어 울며
TsIVdGePxwA.0027.wav|그에게 자기가 그의 아버지의 생질이요 리브가의 아들 됨을 말하였더니
TsIVdGePxwA.0028.wav|라헬이 달려가서 그 아버지에게 알리매
TsIVdGePxwA.0029.wav|라반이 그의 생질 야곱의 소식을 듣고 달려와서
TsIVdGePxwA.0030.wav|그를 영접하여 안고 입맞추며
TsIVdGePxwA.0031.wav|자기 집으로 인도하여 들이니
TsIVdGePxwA.0032.wav|야곱이 자기의 모든 일을 라반에게 말하매
TsIVdGePxwA.0033.wav|라반이 이르되
TsIVdGePxwA.0034.wav|너는 참으로 내 혈육이로다 하였더라
TsIVdGePxwA.0035.wav|야곱이 한 달을 그와 함께 거주하더니
TsIVdGePxwA.0036.wav|라반이 야곱에게 이르되
TsIVdGePxwA.0037.wav|네가 비록 내 생질이나 어찌 그저 내 일을 하겠느냐
TsIVdGePxwA.0038.wav|네 품삯을 어떻게 할지 내게 말하라
TsIVdGePxwA.0039.wav|라반에게 두 딸이 있으니
TsIVdGePxwA.0040.wav|언니의 이름은 레아요 아우의 이름은 라헬이라
TsIVdGePxwA.0041.wav|레아는 시력이 약하고 라헬은 곱고 아리따우니
TsIVdGePxwA.0042.wav|야곱이 라헬을 더 사랑하므로 대답하되
TsIVdGePxwA.0043.wav|내가 외삼촌의 작은 딸 라헬을 위하여 외삼촌에게 칠 년을 섬기리이다
TsIVdGePxwA.0044.wav|라반이 이르되
TsIVdGePxwA.0045.wav|그를 네게 주는 것이 타인에게 주는 것보다 나으니 나와 함께 있으라
TsIVdGePxwA.0046.wav|야곱이 라헬을 위하여 칠 년 동안 라반을 섬겼으나
TsIVdGePxwA.0047.wav|그를 사랑하는 까닭에 칠 년을 며칠 같이 여겼더라
TsIVdGePxwA.0048.wav|야곱이 라반에게 이르되
TsIVdGePxwA.0049.wav|내 기한이 찼으니 내 아내를 내게 주소서
TsIVdGePxwA.0050.wav|내가 그에게 들어가겠나이다
TsIVdGePxwA.0051.wav|라반이 그 곳 사람을 다 모아 잔치하고
TsIVdGePxwA.0052.wav|저녁에 그의 딸 레아를 야곱에게로 데려가매
TsIVdGePxwA.0053.wav|야곱이 그에게로 들어가니라
TsIVdGePxwA.0054.wav|라반이 또 그의 여종 실바를 그의 딸 레아에게 시녀로 주었더라
TsIVdGePxwA.0055.wav|야곱이 아침에 보니 레아라
TsIVdGePxwA.0056.wav|라반에게 이르되
TsIVdGePxwA.0057.wav|외삼촌이 어찌하여 내게 이같이 행하셨나이까
TsIVdGePxwA.0058.wav|내가 라헬을 위하여 외삼촌을 섬기지 아니하였나이까
TsIVdGePxwA.0059.wav|외삼촌이 나를 속이심은 어찌됨이니이까
TsIVdGePxwA.0060.wav|라반이 이르되
TsIVdGePxwA.0061.wav|언니보다 아우를 먼저 주는 것은 우리 지방에서 하지 아니하는 바이라
TsIVdGePxwA.0062.wav|이를 위하여 칠 일을 채우라
TsIVdGePxwA.0063.wav|우리가 그도 네게 주리니
TsIVdGePxwA.0064.wav|네가 또 나를 칠 년 동안 섬길지니라
TsIVdGePxwA.0065.wav|야곱이 그대로 하여 그 칠 일을 채우매
TsIVdGePxwA.0066.wav|라반이 딸 라헬도 그에게 아내로 주고
TsIVdGePxwA.0067.wav|라반이 또 그의 여종 빌하를 그의 딸 라헬에게 주어 시녀가 되게 하매
TsIVdGePxwA.0068.wav|야곱이 또한 라헬에게로 들어갔고 그가 레아보다 라헬을 더 사랑하여 다시 칠 년 동안 라반을 섬겼더라
TsIVdGePxwA.0069.wav|여호와께서 레아가 사랑 받지 못함을 보시고 그의 태를 여셨으나
TsIVdGePxwA.0070.wav|라헬은 자녀가 없었더라
TsIVdGePxwA.0071.wav|레아가 임신하여 아들을 낳고 그 이름을 르우벤이라 하여 이르되
TsIVdGePxwA.0072.wav|여호와께서 나의 괴로움을 돌보셨으니
TsIVdGePxwA.0073.wav|이제는 내 남편이 나를 사랑하리로다 하였더라
TsIVdGePxwA.0074.wav|그가 다시 임신하여 아들을 낳고 이르되
TsIVdGePxwA.0075.wav|여호와께서 내가 사랑 받지 못함을 들으셨으므로
TsIVdGePxwA.0076.wav|내게 이 아들도 주셨도다 하고
TsIVdGePxwA.0077.wav|그의 이름을 시므온이라 하였으며
TsIVdGePxwA.0078.wav|그가 또 임신하여 아들을 낳고 이르되
TsIVdGePxwA.0079.wav|내가 그에게 세 아들을 낳았으니
TsIVdGePxwA.0080.wav|내 남편이 지금부터 나와 연합하리로다 하고 그의 이름을 레위라 하였으며
TsIVdGePxwA.0081.wav|그가 또 임신하여 아들을 낳고 이르되
TsIVdGePxwA.0082.wav|내가 이제는 여호와를 찬송하리로다 하고
TsIVdGePxwA.0083.wav|이로 말미암아 그가 그의 이름을 유다라 하였고 그의 출산이 멈추었더라
TsIVdGePxwA.0084.wav|창세기 30장
TsIVdGePxwA.0085.wav|라헬이 자기가 야곱에게서 아들을 낳지 못함을 보고 그의 언니를 시기하여 야곱에게 이르되
TsIVdGePxwA.0086.wav|내게 자식을 낳게 하라
TsIVdGePxwA.0087.wav|그렇지 아니하면 내가 죽겠노라
TsIVdGePxwA.0088.wav|야곱이 라헬에게 성을 내어 이르되
TsIVdGePxwA.0089.wav|그대를 임신하지 못하게 하시는 이는 하나님이시니 내가 하나님을 대신하겠느냐
TsIVdGePxwA.0090.wav|라헬이 이르되
TsIVdGePxwA.0091.wav|내 여종 빌하에게로 들어가라
TsIVdGePxwA.0092.wav|그가 아들을 낳아 내 무릎에 두리니 그러면 나도 그로 말미암아 자식을 얻겠노라 하고
TsIVdGePxwA.0093.wav|그의 시녀 빌하를 남편에게 아내로 주매
TsIVdGePxwA.0094.wav|야곱이 그에게로 들어갔더니
TsIVdGePxwA.0095.wav|빌하가 임신하여 야곱에게 아들을 낳은지라
TsIVdGePxwA.0096.wav|라헬이 이르되
TsIVdGePxwA.0097.wav|하나님이 내 억울함을 푸시려고 내 호소를 들으사 내게 아들을 주셨다 하고
TsIVdGePxwA.0098.wav|이로 말미암아 그의 이름을 단이라 하였으며
TsIVdGePxwA.0099.wav|라헬의 시녀 빌하가 다시 임신하여 둘째 아들을 야곱에게 낳으매
TsIVdGePxwA.0100.wav|라헬이 이르되
TsIVdGePxwA.0101.wav|내가 언니와 크게 경쟁하여 이겼다 하고 그의 이름을 납달리라 하였더라
TsIVdGePxwA.0102.wav|레아가 자기의 출산이 멈춤을 보고 그의 시녀 실바를 데려다가 야곱에게 주어 아내로 삼게 하였더니
TsIVdGePxwA.0103.wav|레아의 시녀 실바가 야곱에게서 아들을 낳으매
TsIVdGePxwA.0104.wav|레아가 이르되 복되도다 하고
TsIVdGePxwA.0105.wav|그의 이름을 갓이라 하였으며
TsIVdGePxwA.0106.wav|레아의 시녀 실바가 둘째 아들을 야곱에게 낳으매
TsIVdGePxwA.0107.wav|레아가 이르되 기쁘도다 모든 딸들이 나를 기쁜 자라 하리로다 하고 그의 이름을 아셀이라 하였더라
TsIVdGePxwA.0108.wav|밀 거둘 때 르우벤이 나가서 들에서 합환채를 얻어 그의 어머니 레아에게 드렸더니
TsIVdGePxwA.0109.wav|라헬이 레아에게 이르되
TsIVdGePxwA.0110.wav|언니의 아들의 합환채를 청구하노라
TsIVdGePxwA.0111.wav|레아가 그에게 이르되
TsIVdGePxwA.0112.wav|네가 내 남편을 빼앗은 것이 작은 일이냐
TsIVdGePxwA.0113.wav|그런데 네가 내 아들의 합환채도 빼앗고자 하느냐
TsIVdGePxwA.0114.wav|라헬이 이르되
TsIVdGePxwA.0115.wav|그러면 언니의 아들의 합환채 대신에 오늘 밤에 내 남편이 언니와 동침하리라 하니라
TsIVdGePxwA.0116.wav|저물 때에 야곱이 들에서 돌아오매
TsIVdGePxwA.0117.wav|레아가 나와서 그를 영접하며 이르되 내게로 들어오라
TsIVdGePxwA.0118.wav|내가 내 아들의 합환채로 당신을 샀노라
TsIVdGePxwA.0119.wav|그 밤에 야곱이 그와 동침하였더라
TsIVdGePxwA.0120.wav|하나님이 레아의 소원을 들으셨으므로 그가 임신하여 다섯째 아들을 야곱에게 낳은지라
TsIVdGePxwA.0121.wav|레아가 이르되
TsIVdGePxwA.0122.wav|내가 내 시녀를 내 남편에게 주었으므로
TsIVdGePxwA.0123.wav|하나님이 내게 그 값을 주셨다 하고 그의 이름을 잇사갈이라 하였으며
TsIVdGePxwA.0124.wav|레아가 다시 임신하여 여섯째 아들을 야곱에게 낳은지라
TsIVdGePxwA.0125.wav|레아가 이르되
TsIVdGePxwA.0126.wav|하나님이 내게 후한 선물을 주시도다
TsIVdGePxwA.0127.wav|내가 남편에게 여섯 아들을 낳았으니
TsIVdGePxwA.0128.wav|이제는 그가 나와 함께 살리라 하고
TsIVdGePxwA.0129.wav|그의 이름을 스불론이라 하였으며
TsIVdGePxwA.0130.wav|그 후에 그가 딸을 낳고 그의 이름을 디나라 하였더라
TsIVdGePxwA.0131.wav|하나님이 라헬을 생각하신지라
TsIVdGePxwA.0132.wav|하나님이 그의 소원을 들으시고 그의 태를 여셨으므로
TsIVdGePxwA.0133.wav|그가 임신하여 아들을 낳고 이르되
TsIVdGePxwA.0134.wav|하나님이 내 부끄러움을 씻으셨다 하고
TsIVdGePxwA.0135.wav|그 이름을 요셉이라 하니
TsIVdGePxwA.0136.wav|여호와는 다시 다른 아들을 내게 더하시기를 원하노라 하였더라
TsIVdGePxwA.0137.wav|라헬이 요셉을 낳았을 때에 야곱이 라반에게 이르되
TsIVdGePxwA.0138.wav|나를 보내어 내 고향 나의 땅으로 가게 하시되
TsIVdGePxwA.0139.wav|내가 외삼촌에게서 일하고 얻은 처자를 내게 주시어 나로 가게 하소서
TsIVdGePxwA.0140.wav|내가 외삼촌에게 한 일은 외삼촌이 아시나이다
TsIVdGePxwA.0141.wav|라반이 그에게 이르되
TsIVdGePxwA.0142.wav|여호와께서 너로 말미암아 내게 복 주신 줄을 내가 깨달았노니
TsIVdGePxwA.0143.wav|네가 나를 사랑스럽게 여기거든 그대로 있으라
TsIVdGePxwA.0144.wav|또 이르되 네 품삯을 정하라
TsIVdGePxwA.0145.wav|내가 그것을 주리라
TsIVdGePxwA.0146.wav|야곱이 그에게 이르되
TsIVdGePxwA.0147.wav|내가 어떻게 외삼촌을 섬겼는지 어떻게 외삼촌의 가축을 쳤는지 외삼촌이 아시나이다
TsIVdGePxwA.0148.wav|내가 오기 전에는 외삼촌의 소유가 적더니
TsIVdGePxwA.0149.wav|떼를 이루었으니 내 발이 이르는 곳마다 여호와께서 외삼촌에게 복을 주셨나이다
TsIVdGePxwA.0150.wav|그러나 나는 언제나 내 집을 세우리이까
TsIVdGePxwA.0151.wav|라반이 이르되
TsIVdGePxwA.0152.wav|내가 무엇으로 네게 주랴
TsIVdGePxwA.0153.wav|야곱이 이르되
TsIVdGePxwA.0154.wav|외삼촌께서 내게 아무것도 주시지 않아도 나를 위하여 이 일을 행하시면 내가 다시 외삼촌의 양 떼를 먹이고 지키리이다
TsIVdGePxwA.0155.wav|오늘 내가 외삼촌의 양 떼에 두루 다니며 그 양 중에 아롱진 것과 점 있는 것과 검은 것을 가려내며
TsIVdGePxwA.0156.wav|또 염소 중에 점 있는 것과 아롱진 것을 가려내리니
TsIVdGePxwA.0157.wav|이같은 것이 내 품삯이 되리이다
TsIVdGePxwA.0158.wav|후일에 외삼촌께서 오셔서 내 품삯을 조사하실 때에
TsIVdGePxwA.0159.wav|나의 의가 내 대답이 되리이다
TsIVdGePxwA.0160.wav|내게 혹시 염소 중 아롱지지 아니한 것이나 점이 없는 것이나
TsIVdGePxwA.0161.wav|양 중에 검지 아니한 것이 있거든 다 도둑질한 것으로 인정하소서
TsIVdGePxwA.0162.wav|라반이 이르되
TsIVdGePxwA.0163.wav|내가 네 말대로 하리라 하고
TsIVdGePxwA.0164.wav|그 날에 그가 숫염소 중 얼룩무늬 있는 것과 점 있는 것을 가리고
TsIVdGePxwA.0165.wav|암염소 중 흰 바탕에 아롱진 것과 점 있는 것을 가리고
TsIVdGePxwA.0166.wav|양 중의 검은 것들을 가려 자기 아들들의 손에 맡기고
TsIVdGePxwA.0167.wav|자기와 야곱의 사이를 사흘 길이 뜨게 하였고 야곱은 라반의 남은 양 떼를 치니라
TsIVdGePxwA.0168.wav|야곱이 버드나무와 살구나무와 신풍나무의 푸른 가지를 가져다가
TsIVdGePxwA.0169.wav|그것들의 껍질을 벗겨 흰 무늬를 내고
TsIVdGePxwA.0170.wav|그 껍질 벗긴 가지를 양 떼가 와서 먹는 개천의 물 구유에 세워
TsIVdGePxwA.0171.wav|양 떼를 향하게 하매
TsIVdGePxwA.0172.wav|그 떼가 물을 먹으러 올 때에 새끼를 배니
TsIVdGePxwA.0173.wav|가지 앞에서 새끼를 배므로 얼룩얼룩한 것과 점이 있고 아롱진 것을 낳은지라
TsIVdGePxwA.0174.wav|야곱이 새끼 양을 구분하고 그 얼룩무늬와 검은 빛 있는 것을 라반의 양과 서로 마주보게 하며
TsIVdGePxwA.0175.wav|자기 양을 따로 두어 라반의 양과 섞이지 않게 하며
TsIVdGePxwA.0176.wav|튼튼한 양이 새끼 밸 때에는 야곱이 개천에다가 양 떼의 눈 앞에 그 가지를 두어
TsIVdGePxwA.0177.wav|양이 그 가지 곁에서 새끼를 배게 하고
TsIVdGePxwA.0178.wav|약한 양이면 그 가지를 두지 아니하니
TsIVdGePxwA.0179.wav|그렇게 함으로 약한 것은 라반의 것이 되고
TsIVdGePxwA.0180.wav|튼튼한 것은 야곱의 것이 된지라
TsIVdGePxwA.0181.wav|이에 그 사람이 매우 번창하여 양 떼와 노비와 낙타와 나귀가 많았더라
TsIVdGePxwA.0182.wav|창세기 31장
TsIVdGePxwA.0183.wav|야곱이 라반의 아들들이 하는 말을 들은즉
TsIVdGePxwA.0184.wav|야곱이 우리 아버지의 소유를 다 빼앗고
TsIVdGePxwA.0185.wav|우리 아버지의 소유로 말미암아 이 모든 재물을 모았다 하는지라
TsIVdGePxwA.0186.wav|야곱이 라반의 안색을 본즉 자기에게 대하여 전과 같지 아니하더라
TsIVdGePxwA.0187.wav|여호와께서 야곱에게 이르시되
TsIVdGePxwA.0188.wav|네 조상의 땅 네 족속에게로 돌아가라
TsIVdGePxwA.0189.wav|내가 너와 함께 있으리라 하신지라
TsIVdGePxwA.0190.wav|야곱이 사람을 보내어 라헬과 레아를 자기 양 떼가 있는 들로 불러다가
TsIVdGePxwA.0191.wav|그들에게 이르되
TsIVdGePxwA.0192.wav|내가 그대들의 아버지의 안색을 본즉
TsIVdGePxwA.0193.wav|내게 대하여 전과 같지 아니하도다
TsIVdGePxwA.0194.wav|그러할지라도 내 아버지의 하나님은 나와 함께 계셨느니라
TsIVdGePxwA.0195.wav|그대들도 알거니와 내가 힘을 다하여 그대들의 아버지를 섬겼거늘
TsIVdGePxwA.0196.wav|그대들의 아버지가 나를 속여 품삯을 열 번이나 변경하였느니라
TsIVdGePxwA.0197.wav|그러나 하나님이 그를 막으사 나를 해치지 못하게 하셨으며
TsIVdGePxwA.0198.wav|그가 이르기를 점 있는 것이 네 삯이 되리라 하면
TsIVdGePxwA.0199.wav|온 양 떼가 낳은 것이 점 있는 것이요
TsIVdGePxwA.0200.wav|또 얼룩무늬 있는 것이 네 삯이 되리라 하면 온 양 떼가 낳은 것이 얼룩무늬 있는 것이니
TsIVdGePxwA.0201.wav|하나님이 이같이 그대들의 아버지의 가축을 빼앗아 내게 주셨느니라
TsIVdGePxwA.0202.wav|그 양 떼가 새끼 밸 때에 내가 꿈에 눈을 들어 보니
TsIVdGePxwA.0203.wav|양 떼를 탄 숫양은 다 얼룩무늬 있는 것과 점 있는 것과 아롱진 것이었더라
TsIVdGePxwA.0204.wav|꿈에 하나님의 사자가 내게 말씀하시기를
TsIVdGePxwA.0205.wav|야곱아 하기로 내가 대답하기를 여기 있나이다 하매
TsIVdGePxwA.0206.wav|이르시되 네 눈을 들어 보라
TsIVdGePxwA.0207.wav|양 떼를 탄 숫양은 다 얼룩무늬 있는 것 점 있는 것과 아롱진 것이니라
TsIVdGePxwA.0208.wav|라반이 네게 행한 모든 것을 내가 보았노라
TsIVdGePxwA.0209.wav|나는 벧엘의 하나님이라
TsIVdGePxwA.0210.wav|네가 거기서 기둥에 기름을 붓고
TsIVdGePxwA.0211.wav|거기서 내게 서원하였으니
TsIVdGePxwA.0212.wav|지금 일어나 이 곳을 떠나서 네 출생지로 돌아가라 하셨느니라
TsIVdGePxwA.0213.wav|라헬과 레아가 그에게 대답하여 이르되
TsIVdGePxwA.0214.wav|우리가 우리 아버지 집에서 무슨 분깃이나 유산이 있으리요
TsIVdGePxwA.0215.wav|아버지가 우리를 팔고 우리의 돈을 다 먹어버렸으니
TsIVdGePxwA.0216.wav|아버지가 우리를 외국인처럼 여기는 것이 아닌가
TsIVdGePxwA.0217.wav|하나님이 우리 아버지에게서 취하여 가신 재물은
TsIVdGePxwA.0218.wav|우리와 우리 자식의 것이니
TsIVdGePxwA.0219.wav|이제 하나님이 당신에게 이르신 일을 다 준행하라
TsIVdGePxwA.0220.wav|야곱이 일어나 자식들과 아내들을 낙타들에게 태우고
TsIVdGePxwA.0221.wav|그 모은 바 모든 가축과 모든 소유물 곧 그가 밧단아람에서 모은 가축을 이끌고
TsIVdGePxwA.0222.wav|가나안 땅에 있는 그의 아버지 이삭에게로 가려 할새
TsIVdGePxwA.0223.wav|그 때에 라반이 양털을 깎으러 갔으므로
TsIVdGePxwA.0224.wav|라헬은 그의 아버지의 드라빔을 도둑질하고
TsIVdGePxwA.0225.wav|야곱은 그 거취를 아람 사람 라반에게 말하지 아니하고 가만히 떠났더라
TsIVdGePxwA.0226.wav|그가 그의 모든 소유를 이끌고 강을 건너 길르앗 산을 향하여 도망한 지
TsIVdGePxwA.0227.wav|삼 일 만에 야곱이 도망한 것이 라반에게 들린지라
TsIVdGePxwA.0228.wav|라반이 그의 형제를 거느리고
TsIVdGePxwA.0229.wav|칠 일 길을 쫓아가 길르앗 산에서 그에게 이르렀더니
TsIVdGePxwA.0230.wav|밤에 하나님이 아람 사람 라반에게 현몽하여 이르시되
TsIVdGePxwA.0231.wav|너는 삼가 야곱에게 선악간에 말하지 말라 하셨더라
TsIVdGePxwA.0232.wav|라반이 야곱을 뒤쫓아 이르렀으니
TsIVdGePxwA.0233.wav|야곱이 그 산에 장막을 친지라
TsIVdGePxwA.0234.wav|라반이 그 형제와 더불어 길르앗 산에 장막을 치고
TsIVdGePxwA.0235.wav|라반이 야곱에게 이르되
TsIVdGePxwA.0236.wav|네가 나를 속이고 내 딸들을 칼에 사로잡힌 자 같이 끌고 갔으니 어찌 이같이 하였느냐
TsIVdGePxwA.0237.wav|내가 즐거움과 노래와 북과 수금으로 너를 보내겠거늘
TsIVdGePxwA.0238.wav|어찌하여 네가 나를 속이고 가만히 도망하고 내게 알리지 아니하였으며
TsIVdGePxwA.0239.wav|내가 내 손자들과 딸들에게 입맞추지 못하게 하였으니
TsIVdGePxwA.0240.wav|네 행위가 참으로 어리석도다
TsIVdGePxwA.0241.wav|너를 해할 만한 능력이 내 손에 있으나 너희 아버지의 하나님이 어제 밤에 내게 말씀하시기를
TsIVdGePxwA.0247.wav|외삼촌이 외삼촌의 딸들을 내게서 억지로 빼앗으리라 하여 두려워하였음이니이다
TsIVdGePxwA.0246.wav|내가 생각하기를
TsIVdGePxwA.0245.wav|야곱이 라반에게 대답하여 이르되
TsIVdGePxwA.0244.wav|어찌 내 신을 도둑질하였느냐
TsIVdGePxwA.0243.wav|이제 네가 네 아버지 집을 사모하여 돌아가려는 것은 옳거니와 어찌
TsIVdGePxwA.0242.wav|너는 삼가 야곱에게 선악간에 말하지 말라 하셨느니라
TsIVdGePxwA.0248.wav|외삼촌의 신을 누구에게서 찾든지 그는 살지 못할 것이요
TsIVdGePxwA.0249.wav|우리 형제들 앞에서 무엇이든지 외삼촌의 것이 발견되거든
TsIVdGePxwA.0250.wav|외삼촌에게로 가져가소서 하니
TsIVdGePxwA.0251.wav|야곱은 라헬이 그것을 도둑질한 줄을 알지 못함이었더라
TsIVdGePxwA.0252.wav|라반이 야곱의 장막에 들어가고 레아의 장막에 들어가고
TsIVdGePxwA.0253.wav|두 여종의 장막에 들어갔으나 찾지 못하고
TsIVdGePxwA.0254.wav|레아의 장막에서 나와 라헬의 장막에 들어가매
TsIVdGePxwA.0255.wav|라헬이 그 드라빔을 가져 낙타 안장 아래에 넣고 그 위에 앉은지라
TsIVdGePxwA.0256.wav|라반이 그 장막에서 찾다가 찾아내지 못하매
TsIVdGePxwA.0257.wav|라헬이 그의 아버지에게 이르되
TsIVdGePxwA.0258.wav|마침 생리가 있어 일어나서 영접할 수 없사오니
TsIVdGePxwA.0259.wav|내 주는 노하지 마소서 하니라
TsIVdGePxwA.0260.wav|라반이 그 드라빔을 두루 찾다가 찾아내지 못한지라
TsIVdGePxwA.0261.wav|야곱이 노하여 라반을 책망할새
TsIVdGePxwA.0262.wav|야곱이 라반에게 대답하여 이르되
TsIVdGePxwA.0263.wav|내 허물이 무엇이니이까
TsIVdGePxwA.0264.wav|무슨 죄가 있기에 외삼촌께서 내 뒤를 급히 추격하나이까
TsIVdGePxwA.0265.wav|외삼촌께서 내 물건을 다 뒤져보셨으니 외삼촌의 집안 물건 중에서 무엇을 찾아내었나이까
TsIVdGePxwA.0266.wav|여기 내 형제와 외삼촌의 형제 앞에
TsIVdGePxwA.0267.wav|그것을 두고 우리 둘 사이에 판단하게 하소서
TsIVdGePxwA.0268.wav|내가 이 이십 년을 외삼촌과 함께 하였거니와
TsIVdGePxwA.0269.wav|외삼촌의 암양들이나 암염소들이 낙태하지 아니하였고
TsIVdGePxwA.0270.wav|또 외삼촌의 양 떼의 숫양을 내가 먹지 아니하였으며
TsIVdGePxwA.0271.wav|물려 찢긴 것은 내가 외삼촌에게로 가져가지 아니하고
TsIVdGePxwA.0272.wav|낮에 도둑을 맞았든지 밤에 도둑을 맞았든지
TsIVdGePxwA.0273.wav|외삼촌이 그것을 내 손에서 찾았으므로 내가 스스로 그것을 보충하였으며
TsIVdGePxwA.0274.wav|내가 이와 같이 낮에는 더위와 밤에는 추위를 무릅쓰고
TsIVdGePxwA.0275.wav|눈 붙일 겨를도 없이 지냈나이다
TsIVdGePxwA.0276.wav|내가 외삼촌의 집에 있는 이 이십 년 동안
TsIVdGePxwA.0277.wav|외삼촌의 두 딸을 위하여 십사 년
TsIVdGePxwA.0279.wav|우리 아버지의 하나님, 아브라함의 하나님 곧 이삭이 경외하는 이가
TsIVdGePxwA.0278.wav|외삼촌께서 내 품삯을 열 번이나 바꾸셨으며
TsIVdGePxwA.0280.wav|이가 나와 함께 계시지 아니하셨더라면
TsIVdGePxwA.0281.wav|외삼촌께서 이제 나를 빈손으로 돌려보내셨으리이다마는
TsIVdGePxwA.0282.wav|하나님이 내 고난과 내 손의 수고를 보시고 어제 밤에 외삼촌을 책망하셨나이다
TsIVdGePxwA.0283.wav|라반이 야곱에게 대답하여 이르되
TsIVdGePxwA.0284.wav|딸들은 내 딸이요 자식들은 내 자식이요
TsIVdGePxwA.0285.wav|양 떼는 내 양 떼요 네가 보는 것은 다 내 것이라
TsIVdGePxwA.0287.wav|이제 오라
TsIVdGePxwA.0286.wav|내가 오늘 내 딸들과 그들이 낳은 자식들에게 무엇을 하겠느냐
TsIVdGePxwA.0288.wav|나와 네가 언약을 맺고 그것으로 너와 나 사이에 증거를 삼을 것이니라
TsIVdGePxwA.0289.wav|이에 야곱이 돌을 가져다가 기둥으로 세우고
TsIVdGePxwA.0290.wav|또 그 형제들에게 돌을 모으라 하니
TsIVdGePxwA.0291.wav|무리가 거기 무더기 곁에서 먹고
TsIVdGePxwA.0292.wav|라반은 그것을 여갈사하두다라 불렀고
TsIVdGePxwA.0293.wav|야곱은 그것을 갈르엣이라 불렀으니
TsIVdGePxwA.0294.wav|라반의 말에 오늘 이 무더기가 너와 나 사이에 증거가 된다 하였으므로
TsIVdGePxwA.0295.wav|그 이름을 갈르엣이라 불렀으며
TsIVdGePxwA.0296.wav|또 미스바라 하였으니
TsIVdGePxwA.0297.wav|이는 그의 말에 우리가 서로 떠나 있을 때에 여호와께서 나와 너 사이를 살피시옵소서 함이라
TsIVdGePxwA.0298.wav|만일 네가 내 딸을 박대하거나 내 딸들 외에 다른 아내들을 맞이하면
TsIVdGePxwA.0299.wav|우리와 함께 할 사람은 없어도 보라 하나님이 나와 너 사이에 증인이 되시느니라 함이었더라
TsIVdGePxwA.0300.wav|라반이 또 야곱에게 이르되
TsIVdGePxwA.0301.wav|내가 나와 너 사이에 둔 이 무더기를 보라
TsIVdGePxwA.0302.wav|또 이 기둥을 보라
TsIVdGePxwA.0303.wav|이 무더기가 증거가 되고 이 기둥이 증거가 되나니
TsIVdGePxwA.0304.wav|내가 이 무더기를 넘어 네게로 가서 해하지 않을 것이요
TsIVdGePxwA.0305.wav|네가 이 무더기 이 기둥을 넘어 내게로 와서 해하지 아니할 것이라
TsIVdGePxwA.0306.wav|아브라함의 하나님 나홀의 하나님
TsIVdGePxwA.0307.wav|그들의 조상의 하나님은
TsIVdGePxwA.0308.wav|우리 사이에 판단하옵소서 하매
TsIVdGePxwA.0309.wav|야곱이 그의 아버지 이삭이 경외하는 이를 가리켜 맹세하고
TsIVdGePxwA.0310.wav|야곱이 또 산에서 제사를 드리고 형제들을 불러 떡을 먹이니
TsIVdGePxwA.0311.wav|그들이 떡을 먹고 산에서 밤을 지내고
TsIVdGePxwA.0312.wav|라반이 아침에 일찍이 일어나
TsIVdGePxwA.0313.wav|손자들과 딸들에게 입맞추며 그들에게 축복하고 떠나 고향으로 돌아갔더라
TsIVdGePxwA.0314.wav|시편 9편
TsIVdGePxwA.0315.wav|내가 전심으로 여호와께 감사하오며 주의 모든 기이한 일들을 전하리이다
TsIVdGePxwA.0316.wav|내가 주를 기뻐하고 즐거워하며 지존하신 주의 이름을 찬송하리니
TsIVdGePxwA.0317.wav|내 원수들이 물러갈 때에 주 앞에서 넘어져 망함이니이다
TsIVdGePxwA.0318.wav|주께서 나의 의와 송사를 변호하셨으며
TsIVdGePxwA.0319.wav|보좌에 앉으사 의롭게 심판하셨나이다
TsIVdGePxwA.0320.wav|이방 나라들을 책망하시고 악인을 멸하시며
TsIVdGePxwA.0321.wav|그들의 이름을 영원히 지우셨나이다
TsIVdGePxwA.0322.wav|원수가 끊어져 영원히 멸망하였사오니
TsIVdGePxwA.0323.wav|주께서 무너뜨린 성읍들을 기억할 수 없나이다
TsIVdGePxwA.0324.wav|여호와께서 영원히 앉으심이여
TsIVdGePxwA.0325.wav|심판을 위하여 보좌를 준비하셨도다
TsIVdGePxwA.0326.wav|공의로 세계를 심판하심이여 정직으로 만민에게 판결을 내리시리로다
TsIVdGePxwA.0327.wav|여호와는 압제를 당하는 자의 요새이시요 환난 때의 요새이시로다
TsIVdGePxwA.0328.wav|여호와여
TsIVdGePxwA.0329.wav|주의 이름을 아는 자는 주를 의지하오리니
TsIVdGePxwA.0330.wav|이는 주를 찾는 자들을 버리지 아니하심이니이다
TsIVdGePxwA.0331.wav|너희는 시온에 계신 여호와를 찬송하며 그의 행사를 백성 중에 선포할지어다
TsIVdGePxwA.0332.wav|피 흘림을 심문하시는 이가 그들을 기억하심이여
TsIVdGePxwA.0333.wav|가난한 자의 부르짖음을 잊지 아니하시도다
TsIVdGePxwA.0334.wav|여호와여 내게 은혜를 베푸소서
TsIVdGePxwA.0335.wav|나를 사망의 문에서 일으키시는 주여 나를 미워하는 자에게서 받는 나의 고통을 보소서
TsIVdGePxwA.0336.wav|그리하시면 내가 주의 찬송을 다 전할 것이요
TsIVdGePxwA.0337.wav|딸 시온의 문에서 주의 구원을 기뻐하리이다
TsIVdGePxwA.0338.wav|이방 나라들은 자기가 판 웅덩이에 빠짐이여
TsIVdGePxwA.0339.wav|자기가 숨긴 그물에 자기 발이 걸렸도다
TsIVdGePxwA.0340.wav|여호와께서 자기를 알게 하사 심판을 행하셨음이여
TsIVdGePxwA.0341.wav|악인은 자기가 손으로 행한 일에 스스로 얽혔도다
TsIVdGePxwA.0342.wav|힉가욘 셀라
TsIVdGePxwA.0343.wav|악인들이 스올로 돌아감이여
TsIVdGePxwA.0344.wav|하나님을 잊어버린 모든 이방 나라들이 그리하리로다
TsIVdGePxwA.0345.wav|궁핍한 자가 항상 잊어버림을 당하지 아니함이여
TsIVdGePxwA.0346.wav|가난한 자들이 영원히 실망하지 아니하리로다
TsIVdGePxwA.0347.wav|여호와여 일어나사 인생으로 승리를 얻지 못하게 하시며
TsIVdGePxwA.0348.wav|이방 나라들이 주 앞에서 심판을 받게 하소서
TsIVdGePxwA.0349.wav|여호와여 그들을 두렵게 하시며
TsIVdGePxwA.0350.wav|이방 나라들이 자기는 인생일 뿐인 줄 알게 하소서
Ml6nUSw0tPY.0000.wav|골로새서 2장
Ml6nUSw0tPY.0001.wav|내가 너희와 라오디게아에 있는 자들과 무릇 내 육신의 얼굴을 보지 못한 자들을 위하여 얼마나 힘쓰는지를 너희가 알기를 원하노니
Ml6nUSw0tPY.0002.wav|이는 그들로 마음에 위안을 받고 사랑 안에서 연합하여 확실한 이해의 모든 풍성함과 하나님의 비밀인 그리스도를 깨닫게 하려 함이니
Ml6nUSw0tPY.0003.wav|그 안에는 지혜와 지식의 모든 보화가 감추어져 있느니라
Ml6nUSw0tPY.0004.wav|내가 이것을 말함은 아무도 교묘한 말로 너희를 속이지 못하게 하려 함이니
Ml6nUSw0tPY.0005.wav|이는 내가 육신으로는 떠나 있으나 심령으로는 너희와 함께 있어 너희가 질서 있게 행함과 그리스도를 믿는 너희 믿음이 굳건한 것을 기쁘게 봄이라
Ml6nUSw0tPY.0006.wav|그러므로 너희가 그리스도 예수를 주로 받았으니 그 안에서 행하되
Ml6nUSw0tPY.0007.wav|그 안에 뿌리를 박으며 세움을 받아 교훈을 받은 대로 믿음에 굳게 서서 감사함을 넘치게 하라
Ml6nUSw0tPY.0008.wav|누가 철학과 헛된 속임수로 너희를 사로잡을까 주의하라
Ml6nUSw0tPY.0009.wav|이것은 사람의 전통과 세상의 초등학문을 따름이요
Ml6nUSw0tPY.0010.wav|그리스도를 따름이 아니니라
Ml6nUSw0tPY.0011.wav|그 안에는 신성의 모든 충만이 육체로 거하시고
Ml6nUSw0tPY.0012.wav|너희도 그 안에서 충만하여졌으니 그는 모든 통치자와 권세의 머리시라
Ml6nUSw0tPY.0013.wav|또 그 안에서 너희가 손으로 하지 아니한 할례를 받았으니
Ml6nUSw0tPY.0014.wav|곧 육의 몸을 벗는 것이요 그리스도의 할례니라
Ml6nUSw0tPY.0015.wav|너희가 세례로 그리스도와 함께 장사되고 또 죽은 자들 가운데서 그를 일으키신 하나님의 역사를 믿음으로 말미암아
Ml6nUSw0tPY.0016.wav|그 안에서 함께 일으키심을 받았느니라
Ml6nUSw0tPY.0017.wav|또 범죄와 육체의 무할례로 죽었던 너희를
Ml6nUSw0tPY.0018.wav|하나님이 그와 함께 살리시고 우리의 모든 죄를 사하시고 우리를 거스르고 불리하게 하는 법조문으로 쓴 증서를 지우시고 제하여 버리사 십자가에 못 박으시고
Ml6nUSw0tPY.0019.wav|통치자들과 권세들을 무력화하여 드러내어 구경거리로 삼으시고
Ml6nUSw0tPY.0020.wav|십자가로 그들을 이기셨느니라
Ml6nUSw0tPY.0021.wav|그러므로 먹고 마시는 것과 절기나 초하루나 안식일을 이유로 누구든지 너희를 비판하지 못하게 하라
Ml6nUSw0tPY.0022.wav|이것들은 장래 일의 그림자이나 몸은 그리스도의 것이니라
Ml6nUSw0tPY.0023.wav|아무도 꾸며낸 겸손과 천사 숭배를 이유로 너희를 정죄하지 못하게 하라
Ml6nUSw0tPY.0024.wav|그가 그 본 것에 의지하여 그 육신의 생각을 따라 헛되이 과장하고
Ml6nUSw0tPY.0025.wav|머리를 붙들지 아니하는지라
Ml6nUSw0tPY.0026.wav|온 몸이 머리로 말미암아 마디와 힘줄로 공급함을 받고
Ml6nUSw0tPY.0027.wav|연합하여 하나님이 자라게 하시므로 자라느니라 너희가 세상의 초등학문에서 그리스도와 함께 죽었거든
Ml6nUSw0tPY.0028.wav|어찌하여 세상에 사는 것과 같이 규례에 순종하느냐
Ml6nUSw0tPY.0029.wav|곧
Ml6nUSw0tPY.0030.wav|붙잡지도 말고 맛보지도 말고 만지지도 말라 하는 것이니
Ml6nUSw0tPY.0031.wav|이 모든 것은 한때 쓰이고는 없어지리라
Ml6nUSw0tPY.0032.wav|사람의 명령과 가르침을 따르느냐
Ml6nUSw0tPY.0033.wav|이런 것들은 자의적 숭배와 겸손과 몸을 괴롭게 하는 데는 지혜 있는 모양이나
Ml6nUSw0tPY.0034.wav|오직 육체 따르는 것을 금하는 데는
1avyadmC4uA.0000.wav|마태복음 3장
1avyadmC4uA.0001.wav|그 때에 세례 요한이 이르러 유대 광야에서 전파하여 말하되
1avyadmC4uA.0002.wav|회개하라 천국이 가까이 왔느니라 하였으니
1avyadmC4uA.0003.wav|그는 선지자 이사야를 통하여 말씀하신 자라 일렀으되
1avyadmC4uA.0004.wav|광야에 외치는 자의 소리가 있어 이르되 너희는 주의 길을 준비하라
1avyadmC4uA.0005.wav|그가 오실 길을 곧게 하라 하였느니라
1avyadmC4uA.0006.wav|이 요한은 낙타털 옷을 입고 허리에 가죽 띠를 띠고 음식은 메뚜기와 석청이었더라
1avyadmC4uA.0007.wav|이 때에 예루살렘과 온 유대와 요단 강 사방에서 다 그에게 나아와
1avyadmC4uA.0008.wav|자기들의 죄를 자복하고
1avyadmC4uA.0009.wav|요단 강에서 그에게 세례를 받더니
1avyadmC4uA.0010.wav|요한이 많은 바리새인들과 사두개인들이 세례 베푸는 데로 오는 것을 보고 이르되
1avyadmC4uA.0011.wav|독사의 자식들아
1avyadmC4uA.0012.wav|누가 너희를 가르쳐 임박한 진노를 피하라 하더냐
1avyadmC4uA.0013.wav|그러므로 회개에 합당한 열매를 맺고
1avyadmC4uA.0014.wav|속으로 아브라함이 우리 조상이라고 생각하지 말라
1avyadmC4uA.0015.wav|내가 너희에게 이르노니
1avyadmC4uA.0016.wav|하나님이 능히 이 돌들로도 아브라함의 자손이 되게 하시리라
1avyadmC4uA.0017.wav|이미 도끼가 나무 뿌리에 놓였으니
1avyadmC4uA.0018.wav|좋은 열매를 맺지 아니하는 나무마다 찍혀 불에 던져지리라
1avyadmC4uA.0019.wav|나는 너희로 회개하게 하기 위하여 물로 세례를 베풀거니와
1avyadmC4uA.0020.wav|내 뒤에 오시는 이는 나보다 능력이 많으시니
1avyadmC4uA.0021.wav|나는 그의 신을 들기도 감당하지 못하겠노라
1avyadmC4uA.0022.wav|그는 성령과 불로 너희에게 세례를 베푸실 것이요
1avyadmC4uA.0023.wav|손에 키를 들고
1avyadmC4uA.0024.wav|자기의 타작 마당을 정하게 하사
1avyadmC4uA.0025.wav|알곡은 모아 곳간에 들이고
1avyadmC4uA.0026.wav|쭉정이는 꺼지지 않는 불에 태우시리라
1avyadmC4uA.0027.wav|이 때에 예수께서 갈릴리로부터 요단 강에 이르러 요한에게 세례를 받으려 하시니
1avyadmC4uA.0028.wav|요한이 말려 이르되
1avyadmC4uA.0029.wav|내가 당신에게서 세례를 받아야 할 터인데 당신이 내게로 오시나이까
1avyadmC4uA.0030.wav|예수께서 대답하여 이르시되
1avyadmC4uA.0031.wav|이제 허락하라
1avyadmC4uA.0032.wav|우리가 이와 같이 하여 모든 의를 이루는 것이 합당하니라 하시니
1avyadmC4uA.0033.wav|이에 요한이 허락하는지라
1avyadmC4uA.0034.wav|예수께서 세례를 받으시고 곧 물에서 올라오실새
1avyadmC4uA.0035.wav|하늘이 열리고 하나님의 성령이 비둘기 같이 내려 자기 위에 임하심을 보시더니
1avyadmC4uA.0036.wav|하늘로부터 소리가 있어 말씀하시되
1avyadmC4uA.0037.wav|이는 내 사랑하는 아들이요 내 기
FtMmYywcmbM.0000.wav|데살로니가전서 5장
FtMmYywcmbM.0001.wav|형제들아 때와 시기에 관하여는 너희에게 쓸 것이 없음은
FtMmYywcmbM.0002.wav|주의 날이 밤에 도둑 같이 이를 줄을 너희 자신이 자세히 알기 때문이라
FtMmYywcmbM.0003.wav|그들이 평안하다 안전하다 할 그 때에 임신한 여자에게 해산의 고통이 이름과 같이
FtMmYywcmbM.0004.wav|멸망이 갑자기 그들에게 이르리니 결코 피하지 못하리라
FtMmYywcmbM.0005.wav|형제들아
FtMmYywcmbM.0006.wav|너희는 어둠에 있지 아니하매 그 날이 도둑 같이 너희에게 임하지 못하리니
FtMmYywcmbM.0007.wav|너희는 다 빛의 아들이요 낮의 아들이라
FtMmYywcmbM.0008.wav|우리가 밤이나 어둠에 속하지 아니하나니
FtMmYywcmbM.0009.wav|그러므로 우리는 다른 이들과 같이 자지 말고
FtMmYywcmbM.0010.wav|오직 깨어 정신을 차릴지라
FtMmYywcmbM.0011.wav|자는 자들은 밤에 자고 취하는 자들은 밤에 취하되
FtMmYywcmbM.0012.wav|우리는 낮에 속하였으니 정신을 차리고 믿음과 사랑의 호심경을 붙이고
FtMmYywcmbM.0013.wav|구원의 소망의 투구를 쓰자
FtMmYywcmbM.0014.wav|하나님이 우리를 세우심은 노하심에 이르게 하심이 아니요
FtMmYywcmbM.0015.wav|오직 우리 주 예수 그리스도로 말미암아 구원을 받게 하심이라
FtMmYywcmbM.0016.wav|예수께서 우리를 위하여 죽으사 우리로 하여금 깨어 있든지 자든지 자기와 함께 살게 하려 하셨느니라
FtMmYywcmbM.0017.wav|그러므로 피차 권면하고 서로 덕을 세우기를 너희가 하는 것 같이 하라
FtMmYywcmbM.0018.wav|형제들아
FtMmYywcmbM.0019.wav|우리가 너희에게 구하노니 너희 가운데서 수고하고 주 안에서 너희를 다스리며 권하는 자들을 너희가 알고
FtMmYywcmbM.0020.wav|그들의 역사로 말미암아 사랑 안에서 가장 귀히 여기며 너희끼리 화목하라
FtMmYywcmbM.0021.wav|또 형제들아 너희를 권면하노니
FtMmYywcmbM.0022.wav|게으른 자들을 권계하며 마음이 약한 자들을 격려하고 힘이 없는 자들을 붙들어 주며
FtMmYywcmbM.0023.wav|모든 사람에게 오래 참으라
FtMmYywcmbM.0024.wav|삼가 누가 누구에게든지
FtMmYywcmbM.0025.wav|악으로 악을 갚지 말게 하고
FtMmYywcmbM.0026.wav|서로 대하든지 모든 사람을 대하든지 항상 선을 따르라
FtMmYywcmbM.0027.wav|항상 기뻐하라
FtMmYywcmbM.0028.wav|쉬지 말고 기도하라 범사에 감사하라
FtMmYywcmbM.0029.wav|이것이 그리스도 예수 안에서 너희를 향하신 하나님의 뜻이니라
FtMmYywcmbM.0030.wav|성령을 소멸하지 말며 예언을 멸시하지 말고
FtMmYywcmbM.0031.wav|범사에 헤아려 좋은 것을 취하고
FtMmYywcmbM.0032.wav|악은 어떤 모양이라도 버리라
FtMmYywcmbM.0033.wav|평강의 하나님이 친히 너희를 온전히 거룩하게 하시고
FtMmYywcmbM.0034.wav|또 너희의 온 영과 혼과 몸이
FtMmYywcmbM.0035.wav|우리 주 예수 그리스도께서 강림하실 때에 흠 없게 보전되기를 원하노라
FtMmYywcmbM.0036.wav|너희를 부르시는 이는 미쁘시니 그가 또한 이루시리라
FtMmYywcmbM.0037.wav|형제들아 우리를 위하여 기도하라
FtMmYywcmbM.0038.wav|거룩하게 입맞춤으로 모든 형제에게 문안하라
FtMmYywcmbM.0039.wav|내가 주를 힘입어 너희를 명하노니
FtMmYywcmbM.0040.wav|모든 형제에게 이 편지를 읽어 주라
s7cWt1cZrq8.0000.wav|갈라디아서 5장
s7cWt1cZrq8.0001.wav|그리스도께서 우리를 자유롭게 하려고 자유를 주셨으니 그러므로 굳건하게 서서 다시는 종의 멍에를 메지 말라
s7cWt1cZrq8.0002.wav|보라 나 바울은 너희에게 말하노니
s7cWt1cZrq8.0003.wav|너희가 만일 할례를 받으면
s7cWt1cZrq8.0004.wav|그리스도께서 너희에게 아무 유익이 없으리라
s7cWt1cZrq8.0005.wav|내가 할례를 받는 각 사람에게 다시 증언하노니
s7cWt1cZrq8.0006.wav|그는 율법 전체를 행할 의무를 가진 자라
s7cWt1cZrq8.0007.wav|율법 안에서 의롭다 함을 얻으려 하는 너희는
s7cWt1cZrq8.0008.wav|그리스도에게서 끊어지고 은혜에서 떨어진 자로다
s7cWt1cZrq8.0009.wav|우리가 성령으로 믿음을 따라 의의 소망을 기다리노니
s7cWt1cZrq8.0010.wav|그리스도 예수 안에서는 할례나 무할례나 효력이 없으되
s7cWt1cZrq8.0011.wav|사랑으로써 역사하는 믿음뿐이니라
s7cWt1cZrq8.0012.wav|너희가 달음질을 잘 하더니 누가 너희를 막아 진리를 순종하지 못하게 하더냐
s7cWt1cZrq8.0013.wav|그 권면은 너희를 부르신 이에게서 난 것이 아니니라
s7cWt1cZrq8.0014.wav|적은 누룩이 온 덩이에 퍼지느니라 나는 너희가 아무 다른 마음을 품지 아니할 줄을 주 안에서 확신하노라
s7cWt1cZrq8.0015.wav|그러나 너희를 요동하게 하는 자는 누구든지 심판을 받으리라
s7cWt1cZrq8.0016.wav|형제들아
s7cWt1cZrq8.0017.wav|내가 지금까지 할례를 전한다면 어찌하여 지금까지 박해를 받으리요
s7cWt1cZrq8.0018.wav|그리하였으면 십자가의 걸림돌이 제거되었으리니
s7cWt1cZrq8.0019.wav|너희를 어지럽게 하는 자들은 스스로 베어 버리기를 원하노라
s7cWt1cZrq8.0020.wav|형제들아
s7cWt1cZrq8.0021.wav|너희가 자유를 위하여 부르심을 입었으나
s7cWt1cZrq8.0022.wav|그러나 그 자유로 육체의 기회를 삼지 말고 오직 사랑으로 서로 종 노릇 하라
s7cWt1cZrq8.0023.wav|온 율법은 네 이웃 사랑하기를 네 자신 같이 하라 하신 한 말씀에서 이루어졌나니
s7cWt1cZrq8.0024.wav|만일 서로 물고 먹으면 피차 멸망할까 조심하라
s7cWt1cZrq8.0025.wav|내가 이르노니
s7cWt1cZrq8.0026.wav|너희는 성령을 따라 행하라
s7cWt1cZrq8.0027.wav|그리하면 육체의 욕심을 이루지 아니하리라 육체의 소욕은 성령을 거스르고 성령은 육체를 거스르나니
s7cWt1cZrq8.0028.wav|이 둘이 서로 대적함으로 너희가 원하는 것을 하지 못하게 하려 함이니라
s7cWt1cZrq8.0029.wav|너희가 만일 성령의 인도하시는 바가 되면 율법 아래에 있지 아니하리라
s7cWt1cZrq8.0030.wav|육체의 일은 분명하니 곧 음행과 더러운 것과
s7cWt1cZrq8.0031.wav|호색과 우상 숭배와 주술과 원수 맺는 것과
s7cWt1cZrq8.0032.wav|분쟁과 시기와 분냄과 당 짓는 것과
s7cWt1cZrq8.0033.wav|분열함과 이단과
s7cWt1cZrq8.0034.wav|투기와 술 취함과
s7cWt1cZrq8.0035.wav|방탕함과 또 그와 같은 것들이라
s7cWt1cZrq8.0036.wav|전에 너희에게 경계한 것 같이 경계하노니
s7cWt1cZrq8.0037.wav|이런 일을 하는 자들은 하나님의 나라를 유업으로 받지 못할 것이요
s7cWt1cZrq8.0038.wav|오직 성령의 열매는 사랑과 희락과 화평과 오래 참음과 자비와 양선과 충성과
s7cWt1cZrq8.0039.wav|온유와 절제니
s7cWt1cZrq8.0040.wav|이같은 것을 금지할 법이 없느니라
s7cWt1cZrq8.0041.wav|그리스도 예수의 사람들은 육체와 함께 그 정욕과 탐심을 십자가에 못 박았느니라
s7cWt1cZrq8.0042.wav|만일 우리가 성령으로 살면 또한 성령으로 행할지니
s7cWt1cZrq8.0043.wav|헛된 영광을 구하여 서로 노엽게 하거나 서로 투
edzZfNKvvMs.0000.wav|빌립보서 3장
edzZfNKvvMs.0001.wav|끝으로 나의 형제들아 주 안에서 기뻐하라
edzZfNKvvMs.0002.wav|너희에게 같은 말을 쓰는 것이 내게는 수고로움이 없고 너희에게는 안전하니라
edzZfNKvvMs.0003.wav|개들을 삼가고 행악하는 자들을 삼가고 몸을 상해하는 일을 삼가라
edzZfNKvvMs.0004.wav|하나님의 성령으로 봉사하며
edzZfNKvvMs.0005.wav|그리스도 예수로 자랑하고
edzZfNKvvMs.0006.wav|육체를 신뢰하지 아니하는 우리가 곧 할례파라
edzZfNKvvMs.0007.wav|그러나 나도 육체를 신뢰할 만하며 만일 누구든지 다른 이가 육체를 신뢰할 것이 있는 줄로 생각하면 나는 더욱 그러하리니
edzZfNKvvMs.0008.wav|나는 팔일 만에 할례를 받고 이스라엘 족속이요 베냐민 지파요
edzZfNKvvMs.0009.wav|히브리인 중의 히브리인이요 율법으로는 바리새인이요
edzZfNKvvMs.0010.wav|열심으로는 교회를 박해하고 율법의 의로는 흠이 없는 자라
edzZfNKvvMs.0011.wav|그러나 무엇이든지 내게 유익하던 것을 내가 그리스도를 위하여 다 해로 여길뿐더러
edzZfNKvvMs.0012.wav|또한 모든 것을 해로 여김은
edzZfNKvvMs.0013.wav|내 주 그리스도 예수를 아는 지식이 가장 고상하기 때문이라
edzZfNKvvMs.0014.wav|내가 그를 위하여 모든 것을 잃어버리고 배설물로 여김은
edzZfNKvvMs.0015.wav|그리스도를 얻고
edzZfNKvvMs.0016.wav|그 안에서 발견되려 함이니
edzZfNKvvMs.0017.wav|내가 가진 의는 율법에서 난 것이 아니요
edzZfNKvvMs.0018.wav|오직 그리스도를 믿음으로 말미암은 것이니
edzZfNKvvMs.0019.wav|곧 믿음으로 하나님께로부터 난 의라
edzZfNKvvMs.0020.wav|내가 그리스도와 그 부활의 권능과
edzZfNKvvMs.0021.wav|그 고난에 참여함을 알고자 하여 그의 죽으심을 본받아
edzZfNKvvMs.0022.wav|어떻게 해서든지 죽은 자 가운데서 부활에 이르려 하노니
edzZfNKvvMs.0023.wav|내가 이미 얻었다 함도 아니요 온전히 이루었다 함도 아니라
edzZfNKvvMs.0024.wav|오직 내가 그리스도 예수께 잡힌 바 된 그것을 잡으려고 달려가노라
edzZfNKvvMs.0025.wav|형제들아
edzZfNKvvMs.0026.wav|나는 아직 내가 잡은 줄로 여기지 아니하고 오직 한 일 즉 뒤에 있는 것은 잊어버리고 앞에 있는 것을 잡으려고 푯대를 향하여 그리스도 예수 안에서
edzZfNKvvMs.0027.wav|하나님이 위에서 부르신 부름의 상을 위하여 달려가노라
edzZfNKvvMs.0028.wav|그러므로 누구든지 우리 온전히 이룬 자들은
edzZfNKvvMs.0029.wav|이렇게 생각할지니
edzZfNKvvMs.0030.wav|만일 어떤 일에 너희가 달리 생각하면 하나님이 이것도 너희에게 나타내시리라
edzZfNKvvMs.0031.wav|오직 우리가 어디까지 이르렀든지 그대로 행할 것이라
edzZfNKvvMs.0032.wav|형제들아
edzZfNKvvMs.0033.wav|너희는 함께 나를 본받으라
edzZfNKvvMs.0034.wav|그리고 너희가 우리를 본받은 것처럼 그와 같이 행하는 자들을 눈여겨 보라
edzZfNKvvMs.0035.wav|내가 여러 번 너희에게 말하였거니와
edzZfNKvvMs.0036.wav|이제도 눈물을 흘리며 말하노니
edzZfNKvvMs.0037.wav|여러 사람들이 그리스도의 십자가의 원수로 행하느니라
edzZfNKvvMs.0038.wav|그들의 마침은 멸망이요 그들의 신은 배요
edzZfNKvvMs.0039.wav|그 영광은 그들의 부끄러움에 있고
edzZfNKvvMs.0040.wav|땅의 일을 생각하는 자라
edzZfNKvvMs.0041.wav|그러나 우리의 시민권은 하늘에 있는지라
edzZfNKvvMs.0042.wav|거기로부터 구원하는 자 곧 주 예수 그리스도를 기다리노니
edzZfNKvvMs.0043.wav|그는 만물을 자기에게 복종하게 하실 수 있는 자의 역사로
edzZfNKvvMs.0044.wav|우리의 낮은 몸을 자기 영광의 몸의 형체와 같이
rxiP_jY5nEI.0000.wav|갈라디아서 1장
rxiP_jY5nEI.0001.wav|사람들에게서 난 것도 아니요 사람으로 말미암은 것도 아니요
rxiP_jY5nEI.0002.wav|오직 예수 그리스도와 그를 죽은 자 가운데서 살리신 하나님 아버지로 말미암아 사도 된 바울은
rxiP_jY5nEI.0003.wav|함께 있는 모든 형제와 더불어 갈라디아 여러 교회들에게
rxiP_jY5nEI.0004.wav|우리 하나님 아버지와 주 예수 그리스도로부터
rxiP_jY5nEI.0005.wav|은혜와 평강이 있기를 원하노라
rxiP_jY5nEI.0006.wav|그리스도께서 하나님 곧 우리 아버지의 뜻을 따라 이 악한 세대에서 우리를 건지시려고 우리 죄를 대속하기 위하여 자기 몸을 주셨으니
rxiP_jY5nEI.0007.wav|영광이 그에게 세세토록 있을지어다 아멘
rxiP_jY5nEI.0008.wav|그리스도의 은혜로 너희를 부르신 이를 이같이 속히 떠나
rxiP_jY5nEI.0009.wav|다른 복음을 따르는 것을 내가 이상하게 여기노라
rxiP_jY5nEI.0010.wav|다른 복음은 없나니 다만 어떤 사람들이 너희를 교란하여
rxiP_jY5nEI.0011.wav|그리스도의 복음을 변하게 하려 함이라
rxiP_jY5nEI.0012.wav|그러나 우리나 혹은 하늘로부터 온 천사라도
rxiP_jY5nEI.0013.wav|우리가 너희에게 전한 복음 외에 다른 복음을 전하면 저주를 받을지어다
rxiP_jY5nEI.0014.wav|우리가 전에 말하였거니와
rxiP_jY5nEI.0015.wav|내가 지금 다시 말하노니
rxiP_jY5nEI.0016.wav|만일 누구든지 너희가 받은 것 외에 다른 복음을 전하면 저주를 받을지어다
rxiP_jY5nEI.0017.wav|이제 내가 사람들에게 좋게 하랴
rxiP_jY5nEI.0018.wav|하나님께 좋게 하랴
rxiP_jY5nEI.0019.wav|사람들에게 기쁨을 구하랴
rxiP_jY5nEI.0020.wav|내가 지금까지 사람들의 기쁨을 구하였다면
rxiP_jY5nEI.0021.wav|그리스도의 종이 아니니라
rxiP_jY5nEI.0022.wav|형제들아
rxiP_jY5nEI.0023.wav|내가 너희에게 알게 하노니
rxiP_jY5nEI.0024.wav|내가 전한 복음은 사람의 뜻을 따라 된 것이 아니니라
rxiP_jY5nEI.0025.wav|이는 내가 사람에게서 받은 것도 아니요
rxiP_jY5nEI.0026.wav|배운 것도 아니요
rxiP_jY5nEI.0027.wav|오직 예수 그리스도의 계시로 말미암은 것이라
rxiP_jY5nEI.0028.wav|내가 이전에 유대교에 있을 때에 행한 일을 너희가 들었거니와
rxiP_jY5nEI.0029.wav|하나님의 교회를 심히 박해하여 멸하고
rxiP_jY5nEI.0030.wav|내가 내 동족 중 여러 연갑자보다 유대교를 지나치게 믿어
rxiP_jY5nEI.0031.wav|내 조상의 전통에 대하여 더욱 열심이 있었으나
rxiP_jY5nEI.0032.wav|그러나 내 어머니의 태로부터 나를 택정하시고
rxiP_jY5nEI.0033.wav|그의 은혜로 나를 부르신 이가
rxiP_jY5nEI.0034.wav|그의 아들을 이방에 전하기 위하여 그를 내 속에 나타내시기를 기뻐하셨을 때에
rxiP_jY5nEI.0035.wav|내가 곧 혈육과 의논하지 아니하고
rxiP_jY5nEI.0036.wav|또 나보다 먼저 사도 된 자들을 만나려고 예루살렘으로 가지 아니하고
rxiP_jY5nEI.0037.wav|아라비아로 갔다가 다시 다메섹으로 돌아갔노라
rxiP_jY5nEI.0038.wav|그 후 삼 년 만에 내가 게바를 방문하려고 예루살렘에 올라가서
rxiP_jY5nEI.0039.wav|그와 함께 십오일을 머무는 동안
rxiP_jY5nEI.0040.wav|주의 형제 야고보 외에 다른 사도들을 보지 못하였노라
rxiP_jY5nEI.0041.wav|보라
rxiP_jY5nEI.0042.wav|내가 너희에게 쓰는 것은 하나님 앞에서 거짓말이 아니로다
rxiP_jY5nEI.0043.wav|그 후에 내가 수리아와 길리기아 지방에 이르렀으나
rxiP_jY5nEI.0044.wav|그리스도 안에 있는 유대의 교회들이 나를 얼굴로는 알지 못하고
rxiP_jY5nEI.0045.wav|다만 우리를 박해하던 자가 전에 멸하려던 그 믿음을 지금 전한다 함을 듣고
_nwrrC0xUGs.0000.wav|골로새서 1장
_nwrrC0xUGs.0001.wav|하나님의 뜻으로 말미암아 그리스도 예수의 사도 된 바울과 형제 디모데는
_nwrrC0xUGs.0002.wav|골로새에 있는 성도들 곧 그리스도 안에서 신실한 형제들에게 편지하노니
_nwrrC0xUGs.0003.wav|우리 아버지 하나님으로부터 은혜와 평강이 너희에게 있을지어다
_nwrrC0xUGs.0004.wav|우리가 너희를 위하여 기도할 때마다 하나님 곧 우리 주 예수 그리스도의 아버지께 감사하노라
_nwrrC0xUGs.0005.wav|이는 그리스도 예수 안에 너희의 믿음과 모든 성도에 대한 사랑을 들었음이요
_nwrrC0xUGs.0006.wav|너희를 위하여 하늘에 쌓아 둔 소망으로 말미암음이니
_nwrrC0xUGs.0007.wav|곧 너희가 전에 복음 진리의 말씀을 들은 것이라
_nwrrC0xUGs.0008.wav|이 복음이 이미 너희에게 이르매
_nwrrC0xUGs.0009.wav|너희가 듣고 참으로 하나님의 은혜를 깨달은 날부터 너희 중에서와 같이 또한 온 천하에서도 열매를 맺어 자라는도다
_nwrrC0xUGs.0010.wav|이와 같이 우리와 함께 종 된 사랑하는 에바브라에게
_nwrrC0xUGs.0011.wav|너희가 배웠나니
_nwrrC0xUGs.0012.wav|그는 너희를 위한 그리스도의 신실한 일꾼이요
_nwrrC0xUGs.0013.wav|성령 안에서 너희 사랑을 우리에게 알린 자니라
_nwrrC0xUGs.0014.wav|이로써 우리도 듣던 날부터 너희를 위하여 기도하기를 그치지 아니하고 구하노니
_nwrrC0xUGs.0015.wav|너희로 하여금 모든 신령한 지혜와 총명에 하나님의 뜻을 아는 것으로 채우게 하시고
_nwrrC0xUGs.0016.wav|주께 합당하게 행하여 범사에 기쁘시게 하고
_nwrrC0xUGs.0017.wav|모든 선한 일에 열매를 맺게 하시며
_nwrrC0xUGs.0018.wav|하나님을 아는 것에 자라게 하시고
_nwrrC0xUGs.0019.wav|그의 영광의 힘을 따라 모든 능력으로 능하게 하시며
_nwrrC0xUGs.0020.wav|기쁨으로 모든 견딤과 오래 참음에 이르게 하시고
_nwrrC0xUGs.0021.wav|우리로 하여금 빛 가운데서 성도의 기업의 부분을 얻기에 합당하게 하신 아버지께 감사하게 하시기를 원하노라 그가 우리를 흑암의 권세에서 건져내사 그의 사랑의 아들의 나라로 옮기셨으니 그 아들 안에서 우리가 속량 곧 죄 사함을 얻었도다
_nwrrC0xUGs.0022.wav|그는 보이지 아니하는 하나님의 형상이시요 모든 피조물보다 먼저 나신 이시니
_nwrrC0xUGs.0023.wav|만물이 그에게서 창조되되
_nwrrC0xUGs.0024.wav|하늘과 땅에서 보이는 것들과 보이지 않는 것들과 혹은 왕권들이나 주권들이나
_nwrrC0xUGs.0025.wav|통치자들이나 권세들이나 만물이 다 그로 말미암고 그를 위하여 창조되었고
_nwrrC0xUGs.0026.wav|또한 그가 만물보다 먼저 계시고 만물이 그 안에 함께 섰느니라
_nwrrC0xUGs.0027.wav|그는 몸인 교회의 머리시라
_nwrrC0xUGs.0028.wav|그가 근본이시요 죽은 자들 가운데서 먼저 나신 이시니
_nwrrC0xUGs.0029.wav|이는 친히 만물의 으뜸이 되려 하심이요
_nwrrC0xUGs.0030.wav|아버지께서는 모든 충만으로 예수 안에 거하게 하시고
_nwrrC0xUGs.0031.wav|그의 십자가의 피로 화평을 이루사 만물 곧 땅에 있는 것들이나 하늘에 있는 것들이
_nwrrC0xUGs.0032.wav|그로 말미암아 자기와 화목하게 되기를 기뻐하심이라
_nwrrC0xUGs.0033.wav|전에 악한 행실로 멀리 떠나 마음으로 원수가 되었던 너희를 이제는 그의 육체의 죽음으로 말미암아 화목하게 하사
_nwrrC0xUGs.0034.wav|너희를 거룩하고 흠 없고 책망할 것이 없는 자로 그 앞에 세우고자 하셨으니
_nwrrC0xUGs.0035.wav|만일 너희가 믿음에 거하고 터 위에 굳게 서서
_nwrrC0xUGs.0036.wav|너희 들은 바 복음의 소망에서 흔들리지 아니하면 그리하리라
_nwrrC0xUGs.0037.wav|이 복음은 천하 만민에게 전파된 바요 나 바울은 이 복음의 일꾼이 되었노라 나는 이제 너희를 위하여 받는 괴로움을 기뻐하고
_nwrrC0xUGs.0038.wav|그리스도의 남은 고난을 그의 몸된 교회를 위하여 내 육체에 채우노라
_nwrrC0xUGs.0039.wav|내가 교회의 일꾼 된 것은 하나님이 너희를 위하여 내게 주신 직분을 따라 하나님의 말씀을 이루려 함이니라
_nwrrC0xUGs.0040.wav|이 비밀은 만세와 만대로부터 감추어졌던 것인데
_nwrrC0xUGs.0041.wav|이제는 그의 성도들에게 나타났고
_nwrrC0xUGs.0042.wav|하나님이 그들로 하여금 이 비밀의 영광이 이방인 가운데 얼마나 풍성한지를 알게 하려 하심이라
_nwrrC0xUGs.0043.wav|이 비밀은 너희 안에 계신 그리스도시니 곧 영광의 소망이니라
_nwrrC0xUGs.0044.wav|우리가 그를 전파하여 각 사람을 권하고
_nwrrC0xUGs.0045.wav|모든 지혜로 각 사람을 가르침은
_nwrrC0xUGs.0046.wav|각 사람을 그리스도 안에서 완전한 자로 세우려 함이니
_nwrrC0xUGs.0047.wav|이를 위하여 나도 내 속에서 능력으로 역사하시는 이의 역사를 따라
bNxsYZgqMnQ.0000.wav|에베소서 5장
bNxsYZgqMnQ.0001.wav|그러므로 사랑을 받는 자녀 같이 너희는 하나님을 본받는 자가 되고
bNxsYZgqMnQ.0002.wav|그리스도께서 너희를 사랑하신 것 같이 너희도 사랑 가운데서 행하라
bNxsYZgqMnQ.0003.wav|그는 우리를 위하여 자신을 버리사 향기로운 제물과 희생제물로 하나님께 드리셨느니라
bNxsYZgqMnQ.0004.wav|음행과 온갖 더러운 것과
bNxsYZgqMnQ.0005.wav|탐욕은 너희 중에서 그 이름조차도 부르지 말라
bNxsYZgqMnQ.0006.wav|이는 성도에게 마땅한 바니라
bNxsYZgqMnQ.0007.wav|누추함과 어리석은 말이나
bNxsYZgqMnQ.0008.wav|희롱의 말이 마땅치 아니하니 오히려 감사하는 말을 하라
bNxsYZgqMnQ.0009.wav|너희도 정녕 이것을 알거니와 음행하는 자나 더러운 자나 탐하는 자 곧 우상 숭배자는 다 그리스도와 하나님의 나라에서 기업을 얻지 못하리니
bNxsYZgqMnQ.0010.wav|누구든지 헛된 말로 너희를 속이지 못하게 하라
bNxsYZgqMnQ.0011.wav|이로 말미암아 하나님의 진노가
bNxsYZgqMnQ.0012.wav|불순종의 아들들에게 임하나니
bNxsYZgqMnQ.0013.wav|그러므로 그들과 함께 하는 자가 되지 말라
bNxsYZgqMnQ.0014.wav|너희가 전에는 어둠이더니 이제는 주 안에서 빛이라
bNxsYZgqMnQ.0015.wav|빛의 자녀들처럼 행하라
bNxsYZgqMnQ.0016.wav|빛의 열매는 모든 착함과 의로움과 진실함에 있느니라
bNxsYZgqMnQ.0017.wav|주를 기쁘시게 할 것이 무엇인가 시험하여 보라
bNxsYZgqMnQ.0018.wav|너희는 열매 없는 어둠의 일에 참여하지 말고 도리어 책망하라
bNxsYZgqMnQ.0019.wav|그들이 은밀히 행하는 것들은 말하기도 부끄러운 것들이라
bNxsYZgqMnQ.0020.wav|그러나 책망을 받는 모든 것은 빛으로 말미암아 드러나나니
bNxsYZgqMnQ.0021.wav|드러나는 것마다 빛이니라
bNxsYZgqMnQ.0022.wav|그러므로 이르시기를 잠자는 자여 깨어서 죽은 자들 가운데서 일어나라
bNxsYZgqMnQ.0023.wav|그리스도께서 너에게 비추이시리라 하셨느니라
bNxsYZgqMnQ.0024.wav|그런즉 너희가 어떻게 행할지를 자세히 주의하여 지혜 없는 자 같이 하지 말고 오직 지혜 있는 자 같이 하여
bNxsYZgqMnQ.0025.wav|세월을 아끼라 때가 악하니라
bNxsYZgqMnQ.0026.wav|그러므로 어리석은 자가 되지 말고 오직 주의 뜻이 무엇인가 이해하라
bNxsYZgqMnQ.0027.wav|술 취하지 말라
bNxsYZgqMnQ.0028.wav|이는 방탕한 것이니 오직 성령으로 충만함을 받으라
bNxsYZgqMnQ.0029.wav|시와 찬송과 신령한 노래들로 서로 화답하며
bNxsYZgqMnQ.0030.wav|너희의 마음으로 주께 노래하며 찬송하며
bNxsYZgqMnQ.0031.wav|범사에 우리 주 예수 그리스도의 이름으로 항상 아버지 하나님께 감사하며
bNxsYZgqMnQ.0032.wav|그리스도를 경외함으로 피차 복종하라
bNxsYZgqMnQ.0033.wav|아내들이여 자기 남편에게 복종하기를 주께 하듯 하라
bNxsYZgqMnQ.0034.wav|이는 남편이 아내의 머리 됨이
bNxsYZgqMnQ.0035.wav|그리스도께서 교회의 머리 됨과 같음이니
bNxsYZgqMnQ.0036.wav|그가 바로 몸의 구주시니라
bNxsYZgqMnQ.0037.wav|그러므로 교회가 그리스도에게 하듯 아내들도 범사에 자기 남편에게 복종할지니라
bNxsYZgqMnQ.0038.wav|남편들아 아내 사랑하기를 그리스도께서 교회를 사랑하시고
bNxsYZgqMnQ.0039.wav|그 교회를 위하여 자신을 주심 같이 하라
bNxsYZgqMnQ.0040.wav|이는 곧 물로 씻어 말씀으로 깨끗하게 하사 거룩하게 하시고
bNxsYZgqMnQ.0041.wav|자기 앞에 영광스러운 교회로 세우사
bNxsYZgqMnQ.0042.wav|티나 주름 잡힌 것이나 이런 것들이 없이 거룩하고 흠이 없게 하려 하심이라
bNxsYZgqMnQ.0043.wav|이와 같이 남편들도 자기 아내 사랑하기를 자기 자신과 같이 할지니
bNxsYZgqMnQ.0044.wav|자기 아내를 사랑하는 자는 자기를 사랑하는 것이라
bNxsYZgqMnQ.0045.wav|누구든지 언제나 자기 육체를 미워하지 않고 오직 양육하여 보호하기를
bNxsYZgqMnQ.0046.wav|그리스도께서 교회에게 함과 같이 하나니
bNxsYZgqMnQ.0047.wav|우리는 그 몸의 지체임이라
bNxsYZgqMnQ.0048.wav|그러므로 사람이 부모를 떠나 그의 아내와 합하여 그 둘이 한 육체가 될지니
bNxsYZgqMnQ.0050.wav|나는 그리스도와 교회에 대하여 말하노라
bNxsYZgqMnQ.0051.wav|그러나 너희도 각각 자기의 아내 사랑하기를 자신 같이 하고
bNxsYZgqMnQ.0049.wav|이 비밀이 크도다
P5T9pYeTq0Y.0000.wav|빌립보서 2장
P5T9pYeTq0Y.0001.wav|그러므로 그리스도 안에 무슨 권면이나 사랑의 무슨 위로나 성령의 무슨 교제나 긍휼이나 자비가 있거든
P5T9pYeTq0Y.0002.wav|마음을 같이하여 같은 사랑을 가지고 뜻을 합하며 한마음을 품어
P5T9pYeTq0Y.0003.wav|아무 일에든지 다툼이나 허영으로 하지 말고
P5T9pYeTq0Y.0004.wav|오직 겸손한 마음으로 각각 자기보다 남을 낫게 여기고
P5T9pYeTq0Y.0005.wav|각각 자기 일을 돌볼뿐더러 또한 각각 다른 사람들의 일을 돌보아
P5T9pYeTq0Y.0006.wav|나의 기쁨을 충만하게 하라
P5T9pYeTq0Y.0007.wav|너희 안에 이 마음을 품으라 곧 그리스도 예수의 마음이니
P5T9pYeTq0Y.0008.wav|그는 근본 하나님의 본체시나
P5T9pYeTq0Y.0009.wav|하나님과 동등됨을 취할 것으로 여기지 아니하시고
P5T9pYeTq0Y.0010.wav|오히려 자기를 비워 종의 형체를 가지사 사람들과 같이 되셨고
P5T9pYeTq0Y.0011.wav|사람의 모양으로 나타나사 자기를 낮추시고
P5T9pYeTq0Y.0012.wav|죽기까지 복종하셨으니
P5T9pYeTq0Y.0013.wav|곧 십자가에 죽으심이라
P5T9pYeTq0Y.0014.wav|이러므로 하나님이 그를 지극히 높여 모든 이름 위에 뛰어난 이름을 주사
P5T9pYeTq0Y.0015.wav|하늘에 있는 자들과 땅에 있는 자들과
P5T9pYeTq0Y.0016.wav|땅 아래에 있는 자들로 모든 무릎을 예수의 이름에 꿇게 하시고
P5T9pYeTq0Y.0017.wav|모든 입으로 예수 그리스도를 주라 시인하여
P5T9pYeTq0Y.0018.wav|하나님 아버지께 영광을 돌리게 하셨느니라
P5T9pYeTq0Y.0019.wav|그러므로 나의 사랑하는 자들아
P5T9pYeTq0Y.0020.wav|그러므로 나의 사랑하는 자들아 너희가 나 있을 때뿐 아니라 더욱 지금 나 없을 때에도 항상 복종하여 두렵고 떨림으로 너희 구원을 이루라
P5T9pYeTq0Y.0021.wav|너희 안에서 행하시는 이는 하나님이시니
P5T9pYeTq0Y.0022.wav|자기의 기쁘신 뜻을 위하여 너희에게 소원을 두고 행하게 하시나니
P5T9pYeTq0Y.0023.wav|모든 일을 원망과 시비가 없이 하라
P5T9pYeTq0Y.0024.wav|이는 너희가 흠이 없고 순전하여 어그러지고 거스르는 세대 가운데서
P5T9pYeTq0Y.0025.wav|하나님의 흠 없는 자녀로 세상에서 그들 가운데 빛들로 나타내며
P5T9pYeTq0Y.0026.wav|생명의 말씀을 밝혀 나의 달음질이 헛되지 아니하고 수고도 헛되지 아니함으로
P5T9pYeTq0Y.0027.wav|그리스도의 날에 내가 자랑할 것이 있게 하려 함이라
P5T9pYeTq0Y.0028.wav|만일 너희 믿음의 제물과 섬김 위에 내가 나를 전제로 드릴지라도 나는 기뻐하고 너희 무리와 함께 기뻐하리니
P5T9pYeTq0Y.0029.wav|이와 같이 너희도 기뻐하고 나와 함께 기뻐하라
P5T9pYeTq0Y.0030.wav|내가 디모데를 속히 너희에게 보내기를 주 안에서 바람은
P5T9pYeTq0Y.0031.wav|너희의 사정을 앎으로 안위를 받으려 함이니
P5T9pYeTq0Y.0032.wav|이는 뜻을 같이하여 너희 사정을 진실히 생각할 자가 이밖에 내게 없음이라
P5T9pYeTq0Y.0033.wav|그들이 다 자기 일을 구하고 그리스도 예수의 일을 구하지 아니하되
P5T9pYeTq0Y.0034.wav|디모데의 연단을 너희가 아나니
P5T9pYeTq0Y.0035.wav|자식이 아버지에게 함같이
P5T9pYeTq0Y.0036.wav|나와 함께 복음을 위하여 수고하였느니라
P5T9pYeTq0Y.0037.wav|그러므로 내가 내 일이 어떻게 될지를 보아서 곧 이 사람을 보내기를 바라고
P5T9pYeTq0Y.0038.wav|나도 속히 가게 될 것을 주 안에서 확신하노라
P5T9pYeTq0Y.0039.wav|그러나 에바브로디도를 너희에게 보내는 것이 필요한 줄로 생각하노니
P5T9pYeTq0Y.0040.wav|그는 나의 형제요 함께 수고하고 함께 군사 된 자요
P5T9pYeTq0Y.0041.wav|너희 사자로 내가 쓸 것을 돕는 자라
P5T9pYeTq0Y.0042.wav|그가 너희 무리를 간절히 사모하고 자기가 병든 것을 너희가 들은 줄을 알고
P5T9pYeTq0Y.0043.wav|심히 근심한지라
P5T9pYeTq0Y.0044.wav|그가 병들어 죽게 되었으나 하나님이 그를 긍휼히 여기셨고
P5T9pYeTq0Y.0045.wav|그뿐 아니라 또 나를 긍휼히 여기사
P5T9pYeTq0Y.0046.wav|내 근심 위에 근심을 면하게 하셨느니라
P5T9pYeTq0Y.0047.wav|그러므로 내가 더욱 급히 그를 보낸 것은
P5T9pYeTq0Y.0048.wav|너희로 그를 다시 보고 기뻐하게 하며 내 근심도 덜려 함이니라
P5T9pYeTq0Y.0049.wav|이러므로 너희가 주 안에서 모든 기쁨으로 그를 영접하고
P5T9pYeTq0Y.0050.wav|또 이와 같은 자들을 존귀히 여기라
P5T9pYeTq0Y.0051.wav|그가 그리스도의 일을 위하여 죽기에 이르러도
P5T9pYeTq0Y.0052.wav|자기 목숨을 돌보지 아니한 것은
P5T9pYeTq0Y.0053.wav|나를 섬기는 너희의 일에
r_rEaOVaBvg.0000.wav|마태복음 17장
r_rEaOVaBvg.0001.wav|엿새 후에 예수께서 베드로와 야고보와 그 형제 요한을 데리시고 따로 높은 산에 올라가셨더니
r_rEaOVaBvg.0002.wav|그들 앞에서 변형되사 그 얼굴이 해 같이 빛나며
r_rEaOVaBvg.0003.wav|옷이 빛과 같이 희어졌더라
r_rEaOVaBvg.0004.wav|그 때에 모세와 엘리야가 예수와 더불어 말하는 것이 그들에게 보이거늘
r_rEaOVaBvg.0005.wav|베드로가 예수께 여쭈어 이르되
r_rEaOVaBvg.0006.wav|주여 우리가 여기 있는 것이 좋사오니 만일 주께서 원하시면 내가 여기서 초막 셋을 짓되
r_rEaOVaBvg.0007.wav|하나는 주님을 위하여 하나는 모세를 위하여 하나는 엘리야를 위하여 하리이다
r_rEaOVaBvg.0008.wav|말할 때에 홀연히 빛난 구름이 그들을 덮으며
r_rEaOVaBvg.0009.wav|구름 속에서 소리가 나서 이르시되
r_rEaOVaBvg.0010.wav|이는 내 사랑하는 아들이요 내 기뻐하는 자니
r_rEaOVaBvg.0011.wav|너희는 그의 말을 들으라 하시는지라
r_rEaOVaBvg.0012.wav|제자들이 듣고 엎드려 심히 두려워하니
r_rEaOVaBvg.0013.wav|예수께서 나아와 그들에게 손을 대시며 이르시되
r_rEaOVaBvg.0014.wav|일어나라 두려워하지 말라 하시니
r_rEaOVaBvg.0015.wav|제자들이 눈을 들고 보매 오직 예수 외에는 아무도 보이지 아니하더라
r_rEaOVaBvg.0016.wav|그들이 산에서 내려올 때에 예수께서 명하여 이르시되
r_rEaOVaBvg.0017.wav|인자가 죽은 자 가운데서 살아나기 전에는 본 것을 아무에게도 이르지 말라 하시니
r_rEaOVaBvg.0018.wav|제자들이 물어 이르되
r_rEaOVaBvg.0019.wav|그러면 어찌하여 서기관들이 엘리야가 먼저 와야 하리라 하나이까
r_rEaOVaBvg.0020.wav|예수께서 대답하여 이르시되
r_rEaOVaBvg.0021.wav|엘리야가 과연 먼저 와서 모든 일을 회복하리라
r_rEaOVaBvg.0022.wav|내가 너희에게 말하노니 엘리야가 이미 왔으되
r_rEaOVaBvg.0023.wav|사람들이 알지 못하고 임의로 대우하였도다
r_rEaOVaBvg.0024.wav|인자도 이와 같이 그들에게 고난을 받으리라 하시니
r_rEaOVaBvg.0025.wav|그제서야 제자들이 예수께서 말씀하신 것이 세례 요한인 줄을 깨달으니라
r_rEaOVaBvg.0026.wav|그들이 무리에게 이르매 한 사람이 예수께 와서 꿇어 엎드려 이르되
r_rEaOVaBvg.0027.wav|주여 내 아들을 불쌍히 여기소서
r_rEaOVaBvg.0028.wav|그가 간질로 심히 고생하여 자주 불에도 넘어지며 물에도 넘어지는지라
r_rEaOVaBvg.0029.wav|내가 주의 제자들에게 데리고 왔으나 능히 고치지 못하더이다
r_rEaOVaBvg.0030.wav|예수께서 대답하여 이르시되 믿음이 없고 패역한 세대여
r_rEaOVaBvg.0031.wav|내가 얼마나 너희와 함께 있으며 얼마나 너희에게 참으리요
r_rEaOVaBvg.0032.wav|그를 이리로 데려오라 하시니라
r_rEaOVaBvg.0033.wav|이에 예수께서 꾸짖으시니 귀신이 나가고 아이가 그 때부터 나으니라
r_rEaOVaBvg.0034.wav|이 때에 제자들이 조용히 예수께 나아와 이르되
r_rEaOVaBvg.0035.wav|우리는 어찌하여 쫓아내지 못하였나이까
r_rEaOVaBvg.0036.wav|이르시되
r_rEaOVaBvg.0037.wav|너희 믿음이 작은 까닭이니라
r_rEaOVaBvg.0038.wav|진실로 너희에게 이르노니 만일 너희에게 믿음이 겨자씨 한 알 만큼만 있어도
r_rEaOVaBvg.0039.wav|이 산을 명하여 여기서 저기로 옮겨지라 하면 옮겨질 것이요
r_rEaOVaBvg.0040.wav|또 너희가 못할 것이 없으리라
r_rEaOVaBvg.0041.wav|갈릴리에 모일 때에 예수께서 제자들에게 이르시되
r_rEaOVaBvg.0042.wav|인자가 장차 사람들의 손에 넘겨져 죽임을 당하고 제삼일에 살아나리라 하시니
r_rEaOVaBvg.0043.wav|제자들이 매우 근심하더라
r_rEaOVaBvg.0044.wav|가버나움에 이르니 반 세겔 받는 자들이 베드로에게 나아와 이르되
r_rEaOVaBvg.0045.wav|너의 선생은 반 세겔을 내지 아니하느냐
r_rEaOVaBvg.0046.wav|이르되 내신다 하고 집에 들어가니
r_rEaOVaBvg.0047.wav|예수께서 먼저 이르시되
r_rEaOVaBvg.0048.wav|시몬아 네 생각은 어떠하냐
r_rEaOVaBvg.0049.wav|세상 임금들이 누구에게 관세와 국세를 받느냐
r_rEaOVaBvg.0050.wav|자기 아들에게냐 타인에게냐
r_rEaOVaBvg.0051.wav|베드로가 이르되
r_rEaOVaBvg.0052.wav|타인에게니이다
r_rEaOVaBvg.0053.wav|예수께서 이르시되 그렇다면 아들들은 세를 면하리라
r_rEaOVaBvg.0054.wav|그러나 우리가 그들이 실족하지 않게 하기 위하여 네가 바다에 가서 낚시를 던져 먼저 오르는 고기를 가져 입을 열면 돈 한 세겔을 얻을 것이니
2EMXWUQ5oKQ.0000.wav|마태복음 16장
2EMXWUQ5oKQ.0001.wav|바리새인과 사두개인들이 와서 예수를 시험하여 하늘로부터 오는 표적 보이기를 청하니
2EMXWUQ5oKQ.0002.wav|예수께서 대답하여 이르시되
2EMXWUQ5oKQ.0003.wav|너희가 저녁에 하늘이 붉으면 날이 좋겠다 하고
2EMXWUQ5oKQ.0004.wav|아침에 하늘이 붉고 흐리면 오늘은 날이 궂겠다 하나니
2EMXWUQ5oKQ.0005.wav|너희가 날씨는 분별할 줄 알면서 시대의 표적은 분별할 수 없느냐
2EMXWUQ5oKQ.0006.wav|악하고 음란한 세대가 표적을 구하나 요나의 표적 밖에는 보여 줄 표적이 없느니라 하시고 그들을 떠나 가시니라
2EMXWUQ5oKQ.0007.wav|제자들이 건너편으로 갈새 떡 가져가기를 잊었더니
2EMXWUQ5oKQ.0008.wav|예수께서 이르시되
2EMXWUQ5oKQ.0009.wav|삼가 바리새인과 사두개인들의 누룩을 주의하라 하시니
2EMXWUQ5oKQ.0010.wav|제자들이 서로 논의하여 이르되
2EMXWUQ5oKQ.0011.wav|우리가 떡을 가져오지 아니하였도다 하거늘
2EMXWUQ5oKQ.0012.wav|예수께서 아시고 이르시되
2EMXWUQ5oKQ.0013.wav|믿음이 작은 자들아 어찌 떡이 없으므로 서로 논의하느냐
2EMXWUQ5oKQ.0014.wav|너희가 아직도 깨닫지 못하느냐
2EMXWUQ5oKQ.0015.wav|떡 다섯 개로 오천 명을 먹이고 주운 것이 몇 바구니며
2EMXWUQ5oKQ.0016.wav|떡 일곱 개로 사천 명을 먹이고 주운 것이 몇 광주리였는지를 기억하지 못하느냐
2EMXWUQ5oKQ.0017.wav|어찌 내 말한 것이 떡에 관함이 아닌 줄을 깨닫지 못하느냐
2EMXWUQ5oKQ.0018.wav|오직 바리새인과 사두개인들의 누룩을 주의하라 하시니
2EMXWUQ5oKQ.0019.wav|그제서야 제자들이 떡의 누룩이 아니요
2EMXWUQ5oKQ.0020.wav|바리새인과 사두개인들의 교훈을 삼가라고 말씀하신 줄을 깨달으니라
2EMXWUQ5oKQ.0021.wav|예수께서 빌립보 가이사랴 지방에 이르러 제자들에게 물어 이르시되
2EMXWUQ5oKQ.0022.wav|사람들이 인자를 누구라 하느냐
2EMXWUQ5oKQ.0023.wav|이르되 더러는 세례 요한 더러는 엘리야
2EMXWUQ5oKQ.0024.wav|어떤 이는 예레미야나 선지자 중의 하나라 하나이다
2EMXWUQ5oKQ.0025.wav|이르시되 너희는 나를 누구라 하느냐
2EMXWUQ5oKQ.0026.wav|시몬 베드로가 대답하여 이르되
2EMXWUQ5oKQ.0027.wav|주는 그리스도시요 살아 계신 하나님의 아들이시니이다
2EMXWUQ5oKQ.0028.wav|예수께서 대답하여 이르시되
2EMXWUQ5oKQ.0029.wav|바요나 시몬아 네가 복이 있도다
2EMXWUQ5oKQ.0030.wav|이를 네게 알게 한 이는 혈육이 아니요 하늘에 계신 내 아버지시니라
2EMXWUQ5oKQ.0031.wav|또 내가 네게 이르노니 너는 베드로라
2EMXWUQ5oKQ.0032.wav|내가 이 반석 위에 내 교회를 세우리니
2EMXWUQ5oKQ.0033.wav|음부의 권세가 이기지 못하리라
2EMXWUQ5oKQ.0034.wav|내가 천국 열쇠를 네게 주리니 네가 땅에서 무엇이든지 매면 하늘에서도 매일 것이요
2EMXWUQ5oKQ.0035.wav|네가 땅에서 무엇이든지 풀면 하늘에서도 풀리리라 하시고
2EMXWUQ5oKQ.0036.wav|이에 제자들에게 경고하사 자기가 그리스도인 것을 아무에게도 이르지 말라 하시니라
2EMXWUQ5oKQ.0037.wav|이 때로부터 예수 그리스도께서 자기가 예루살렘에 올라가 장로들과 대제사장들과 서기관들에게 많은 고난을 받고 죽임을 당하고
2EMXWUQ5oKQ.0038.wav|제삼일에 살아나야 할 것을 제자들에게 비로소 나타내시니
2EMXWUQ5oKQ.0039.wav|베드로가 예수를 붙들고 항변하여 이르되
2EMXWUQ5oKQ.0040.wav|주여 그리 마옵소서
2EMXWUQ5oKQ.0041.wav|이 일이 결코 주께 미치지 아니하리이다
2EMXWUQ5oKQ.0042.wav|예수께서 돌이키시며 베드로에게 이르시되
2EMXWUQ5oKQ.0043.wav|사탄아 내 뒤로 물러 가라
2EMXWUQ5oKQ.0044.wav|너는 나를 넘어지게 하는 자로다
2EMXWUQ5oKQ.0045.wav|네가 하나님의 일을 생각하지 아니하고
2EMXWUQ5oKQ.0046.wav|도리어 사람의 일을 생각하는도다 하시고
2EMXWUQ5oKQ.0047.wav|이에 예수께서 제자들에게 이르시되
2EMXWUQ5oKQ.0048.wav|누구든지 나를 따라오려거든 자기를 부인하고 자기 십자가를 지고 나를 따를 것이니라
2EMXWUQ5oKQ.0049.wav|누구든지 제 목숨을 구원하고자 하면 잃을 것이요
2EMXWUQ5oKQ.0050.wav|누구든지 나를 위하여 제 목숨을 잃으면 찾으리라
2EMXWUQ5oKQ.0051.wav|사람이 만일 온 천하를 얻고도 제 목숨을 잃으면 무엇이 유익하리요
2EMXWUQ5oKQ.0052.wav|사람이 무엇을 주고 제 목숨과 바꾸겠느냐
2EMXWUQ5oKQ.0053.wav|인자가 아버지의 영광으로 그 천사들과 함께 오리니
2EMXWUQ5oKQ.0054.wav|그 때에 각 사람이 행한 대로 갚으리라
2EMXWUQ5oKQ.0055.wav|진실로 너희에게 이르노니 여기 서 있는 사람 중에 죽기 전에 인자가 그 왕권을 가지고 오는 것을
yJHx1X6Jp0Q.0000.wav|에베소서 4장
yJHx1X6Jp0Q.0001.wav|그러므로 주 안에서 갇힌 내가 너희를 권하노니
yJHx1X6Jp0Q.0002.wav|너희가 부르심을 받은 일에 합당하게 행하여
yJHx1X6Jp0Q.0003.wav|모든 겸손과 온유로 하고
yJHx1X6Jp0Q.0004.wav|오래 참음으로 사랑 가운데서 서로 용납하고
yJHx1X6Jp0Q.0005.wav|평안의 매는 줄로 성령이 하나 되게 하신 것을 힘써 지키라
yJHx1X6Jp0Q.0006.wav|몸이 하나요 성령도 한 분이시니
yJHx1X6Jp0Q.0007.wav|이와 같이 너희가 부르심의 한 소망 안에서 부르심을 받았느니라
yJHx1X6Jp0Q.0008.wav|주도 한 분이시요 믿음도 하나요 세례도 하나요
yJHx1X6Jp0Q.0009.wav|하나님도 한 분이시니 곧 만유의 아버지시라
yJHx1X6Jp0Q.0010.wav|만유 위에 계시고 만유를 통일하시고 만유 가운데 계시도다
yJHx1X6Jp0Q.0011.wav|우리 각 사람에게 그리스도의 선물의 분량대로 은혜를 주셨나니
yJHx1X6Jp0Q.0012.wav|그러므로 이르기를 그가 위로 올라가실 때에 사로잡혔던 자들을 사로잡으시고
yJHx1X6Jp0Q.0013.wav|사람들에게 선물을 주셨다 하였도다
yJHx1X6Jp0Q.0014.wav|올라가셨다 하였은즉
yJHx1X6Jp0Q.0015.wav|땅 아래 낮은 곳으로 내리셨던 것이 아니면 무엇이냐
yJHx1X6Jp0Q.0016.wav|내리셨던 그가 곧 모든 하늘 위에 오르신 자니
yJHx1X6Jp0Q.0017.wav|이는 만물을 충만하게 하려 하심이라
yJHx1X6Jp0Q.0018.wav|그가 어떤 사람은 사도로
yJHx1X6Jp0Q.0019.wav|어떤 사람은 선지자로 어떤 사람은 복음 전하는 자로 어떤 사람은 목사와 교사로 삼으셨으니
yJHx1X6Jp0Q.0020.wav|이는 성도를 온전하게 하여 봉사의 일을 하게 하며
yJHx1X6Jp0Q.0021.wav|그리스도의 몸을 세우려 하심이라
yJHx1X6Jp0Q.0022.wav|우리가 다 하나님의 아들을 믿는 것과
yJHx1X6Jp0Q.0023.wav|아는 일에 하나가 되어 온전한 사람을 이루어
yJHx1X6Jp0Q.0024.wav|그리스도의 장성한 분량이 충만한 데까지 이르리니 이는 우리가 이제부터 어린 아이가 되지 아니하여
yJHx1X6Jp0Q.0025.wav|사람의 속임수와 간사한 유혹에 빠져 온갖 교훈의 풍조에 밀려 요동하지 않게 하려 함이라
yJHx1X6Jp0Q.0026.wav|오직 사랑 안에서 참된 것을 하여
yJHx1X6Jp0Q.0027.wav|범사에 그에게까지 자랄지라
yJHx1X6Jp0Q.0028.wav|그는 머리니 곧 그리스도라
yJHx1X6Jp0Q.0029.wav|그에게서 온 몸이 각 마디를 통하여 도움을 받음으로 연결되고 결합되어 각 지체의 분량대로 역사하여
yJHx1X6Jp0Q.0030.wav|그 몸을 자라게 하며
yJHx1X6Jp0Q.0031.wav|사랑 안에서 스스로 세우느니라
yJHx1X6Jp0Q.0032.wav|그러므로 내가 이것을 말하며 주 안에서 증언하노니
yJHx1X6Jp0Q.0033.wav|이제부터 너희는 이방인이 그 마음의 허망한 것으로 행함 같이 행하지 말라
yJHx1X6Jp0Q.0034.wav|그들의 총명이 어두워지고 그들 가운데 있는 무지함과 그들의 마음이 굳어짐으로 말미암아 하나님의 생명에서 떠나 있도다
yJHx1X6Jp0Q.0035.wav|그들이 감각 없는 자가 되어
yJHx1X6Jp0Q.0036.wav|자신을 방탕에 방임하여 모든 더러운 것을 욕심으로 행하되
yJHx1X6Jp0Q.0037.wav|오직 너희는 그리스도를 그같이 배우지 아니하였느니라
yJHx1X6Jp0Q.0038.wav|진리가 예수 안에 있는 것 같이 너희가 참으로 그에게서 듣고
yJHx1X6Jp0Q.0039.wav|또한 그 안에서 가르침을 받았을진대
yJHx1X6Jp0Q.0040.wav|너희는 유혹의 욕심을 따라 썩어져 가는 구습을 따르는 옛 사람을 벗어 버리고
yJHx1X6Jp0Q.0041.wav|오직 너희의 심령이 새롭게 되어
yJHx1X6Jp0Q.0042.wav|하나님을 따라 의와 진리의 거룩함으로 지으심을 받은 새 사람을 입으라
yJHx1X6Jp0Q.0043.wav|그런즉 거짓을 버리고 각각 그 이웃과 더불어 참된 것을 말하라
yJHx1X6Jp0Q.0044.wav|이는 우리가 서로 지체가 됨이라
yJHx1X6Jp0Q.0045.wav|분을 내어도 죄를 짓지 말며 해가 지도록 분을 품지 말고
yJHx1X6Jp0Q.0046.wav|마귀에게 틈을 주지 말라
yJHx1X6Jp0Q.0047.wav|도둑질하는 자는 다시 도둑질하지 말고
yJHx1X6Jp0Q.0048.wav|돌이켜 가난한 자에게 구제할 수 있도록 자기 손으로 수고하여 선한 일을 하라
yJHx1X6Jp0Q.0049.wav|무릇 더러운 말은 너희 입 밖에도 내지 말고
yJHx1X6Jp0Q.0050.wav|오직 덕을 세우는 데 소용되는 대로 선한 말을 하여
yJHx1X6Jp0Q.0051.wav|듣는 자들에게 은혜를 끼치게 하라
yJHx1X6Jp0Q.0052.wav|하나님의 성령을 근심하게 하지 말라
yJHx1X6Jp0Q.0053.wav|그 안에서 너희가 구원의 날까지 인치심을 받았느니라
yJHx1X6Jp0Q.0054.wav|너희는 모든 악독과 노함과 분냄과 떠드는 것과
yJHx1X6Jp0Q.0055.wav|비방하는 것을 모든 악의와
yJHx1X6Jp0Q.0056.wav|함께 버리고
yJHx1X6Jp0Q.0057.wav|서로 친절하게 하며 불쌍히 여기며 서로 용서하기를
ziPM1dkVl6g.0000.wav|민수기 5장
ziPM1dkVl6g.0001.wav|여호와께서 모세에게 말씀하여 이르시되
ziPM1dkVl6g.0002.wav|이스라엘 자손에게 명령하여 모든 나병 환자와 유출증이 있는 자와
ziPM1dkVl6g.0003.wav|주검으로 부정하게 된 자를 다 진영 밖으로 내보내되
ziPM1dkVl6g.0004.wav|남녀를 막론하고 다 진영 밖으로 내보내어
ziPM1dkVl6g.0005.wav|그들이 진영을 더럽히게 하지 말라
ziPM1dkVl6g.0007.wav|이스라엘 자손이 그같이 행하여 그들을 진영 밖으로 내보냈으니
ziPM1dkVl6g.0008.wav|곧 여호와께서 모세에게 이르신 대로 이스라엘 자손이 행하였더라
ziPM1dkVl6g.0006.wav|그 진영 가운데에 거하느니라 하시매
ziPM1dkVl6g.0009.wav|여호와께서 모세에게 말씀하여 이르시되
ziPM1dkVl6g.0010.wav|이스라엘 자손에게 이르라
ziPM1dkVl6g.0011.wav|남자나 여자나 사람들이 범하는 죄를 범하여
ziPM1dkVl6g.0012.wav|여호와께 거역함으로 죄를 지으면
ziPM1dkVl6g.0013.wav|그 지은 죄를 자복하고 그 죄 값을 온전히 갚되
ziPM1dkVl6g.0014.wav|오분의 일을 더하여 그가 죄를 지었던 그 사람에게 돌려줄 것이요
ziPM1dkVl6g.0015.wav|만일 죄 값을 받을 만한 친척이 없으면
ziPM1dkVl6g.0016.wav|그 죄 값을 여호와께 드려 제사장에게로 돌릴 것이니 이는 그를 위하여 속죄할 속죄의 숫양과 함께 돌릴 것이니라
ziPM1dkVl6g.0017.wav|이스라엘 자손이 거제로 제사장에게 가져오는 모든 성물은 그의 것이 될 것이라
ziPM1dkVl6g.0018.wav|각 사람이 구별한 물건은 그의 것이 되나니
ziPM1dkVl6g.0019.wav|누구든지 제사장에게 주는 것은 그의 것이 되느니라
ziPM1dkVl6g.0020.wav|여호와께서 모세에게 말씀하여 이르시되
ziPM1dkVl6g.0021.wav|이스라엘 자손에게 말하여 그들에게 이르라
ziPM1dkVl6g.0022.wav|만일 어떤 사람의 아내가 탈선하여 남편에게 신의를 저버렸고
ziPM1dkVl6g.0023.wav|한 남자가 그 여자와 동침하였으나 그의 남편의 눈에 숨겨 드러나지 아니하였고
ziPM1dkVl6g.0024.wav|그 여자의 더러워진 일에 증인도 없고 그가 잡히지도 아니하였어도
ziPM1dkVl6g.0025.wav|그 남편이 의심이 생겨 그 아내를 의심하였는데
ziPM1dkVl6g.0026.wav|그의 아내가 더럽혀졌거나
ziPM1dkVl6g.0027.wav|또는 그 남편이 의심이 생겨 그 아내를 의심하였으나
ziPM1dkVl6g.0028.wav|그 아내가 더럽혀지지 아니하였든지
ziPM1dkVl6g.0029.wav|그의 아내를 데리고 제사장에게로 가서
ziPM1dkVl6g.0030.wav|그를 위하여 보리 가루 십분의 일 에바를 헌물로 드리되
ziPM1dkVl6g.0031.wav|그것에 기름도 붓지 말고 유향도 두지 말라
ziPM1dkVl6g.0032.wav|이는 의심의 소제요 죄악을 기억나게 하는 기억의 소제라
ziPM1dkVl6g.0033.wav|제사장은 그 여인을 가까이 오게 하여 여호와 앞에 세우고
ziPM1dkVl6g.0034.wav|토기에 거룩한 물을 담고
ziPM1dkVl6g.0035.wav|성막 바닥의 티끌을 취하여 물에 넣고
ziPM1dkVl6g.0036.wav|여인을 여호와 앞에 세우고 그의 머리를 풀게 하고
ziPM1dkVl6g.0037.wav|기억나게 하는 소제물 곧 의심의 소제물을 그의 두 손에 두고
ziPM1dkVl6g.0038.wav|제사장은 저주가 되게 할 쓴 물을 자기 손에 들고
ziPM1dkVl6g.0039.wav|여인에게 맹세하게 하여 그에게 이르기를
ziPM1dkVl6g.0040.wav|네가 네 남편을 두고 탈선하여 다른 남자와 동침하여 더럽힌 일이 없으면
ziPM1dkVl6g.0041.wav|저주가 되게 하는 이 쓴 물의 해독을 면하리라
ziPM1dkVl6g.0042.wav|그러나 네가 네 남편을 두고 탈선하여 몸을 더럽혀서 네 남편 아닌 사람과 동침하였으면
ziPM1dkVl6g.0043.wav|제사장이 그 여인에게 저주의 맹세를 하게 하고 그 여인에게 말할지니라
ziPM1dkVl6g.0044.wav|여호와께서 네 넓적다리가 마르고 네 배가 부어서
ziPM1dkVl6g.0045.wav|네가 네 백성 중에 저줏거리 맹셋거리가 되게 하실지라
ziPM1dkVl6g.0046.wav|이 저주가 되게 하는 이 물이 네 창자에 들어가서 네 배를 붓게 하고
ziPM1dkVl6g.0047.wav|네 넓적다리를 마르게 하리라 할 것이요
ziPM1dkVl6g.0048.wav|여인은 아멘 아멘 할지니라
ziPM1dkVl6g.0049.wav|제사장이 저주의 말을 두루마리에 써서 그 글자를 그 쓴 물에 빨아 넣고
ziPM1dkVl6g.0050.wav|여인에게 그 저주가 되게 하는 쓴 물을 마시게 할지니
ziPM1dkVl6g.0051.wav|그 저주가 되게 하는 물이 그의 속에 들어 가서 쓰리라
ziPM1dkVl6g.0052.wav|제사장이 먼저 그 여인의 손에서 의심의 소제물을 취하여
ziPM1dkVl6g.0053.wav|그 소제물을 여호와 앞에 흔들고 제단으로 가지고 가서
ziPM1dkVl6g.0054.wav|제사장은 그 소제물 중에서 한 움큼을 취하여
ziPM1dkVl6g.0055.wav|그 여자에게 기억나게 하는 소제물로 제단 위에 불사르고
ziPM1dkVl6g.0056.wav|그 후에 여인에게 그 물을 마시게 할지라
ziPM1dkVl6g.0057.wav|물을 마시게 한 후에 만일 여인이 몸을 더럽혀서 그 남편에게 범죄하였으면
ziPM1dkVl6g.0058.wav|그 저주가 되게 하는 물이 그의 속에 들어가서 쓰게 되어
ziPM1dkVl6g.0059.wav|그의 배가 부으며 그의 넓적다리가 마르리니
ziPM1dkVl6g.0060.wav|그 여인이 그 백성 중에서 저줏거리가 될 것이니라
ziPM1dkVl6g.0061.wav|그러나 여인이 더럽힌 일이 없고 정결하면 해를 받지 않고 임신하리라
ziPM1dkVl6g.0063.wav|이는 의심의 법이니 아내가 그의 남편을 두고 탈선하여 더럽힌 때나
ziPM1dkVl6g.0064.wav|또는 그 남편이 의심이 생겨서 자기의 아내를 의심할 때에
ziPM1dkVl6g.0065.wav|여인을 여호와 앞에 두고 제사장이 이 법대로 행할 것이라
ziPM1dkVl6g.0066.wav|남편은 무죄할 것이요 여인은 죄가 있으면 당하리라
fQxxEYmsLVU.0000.wav|데살로니가전서 1장
fQxxEYmsLVU.0001.wav|바울과 실루아노와 디모데는 하나님 아버지와 주 예수 그리스도 안에 있는 데살로니가인의 교회에 편지하노니
fQxxEYmsLVU.0002.wav|은혜와 평강이 너희에게 있을지어다
fQxxEYmsLVU.0003.wav|우리가 너희 모두로 말미암아 항상 하나님께 감사하며 기도할 때에 너희를 기억함은
fQxxEYmsLVU.0004.wav|너희의 믿음의 역사와 사랑의 수고와
fQxxEYmsLVU.0005.wav|우리 주 예수 그리스도에 대한 소망의 인내를 우리 하나님 아버지 앞에서 끊임없이 기억함이니
fQxxEYmsLVU.0006.wav|인내를 우리 하나님 아버지 앞에서 끊임없이 기억하 미니 하나님의
fQxxEYmsLVU.0007.wav|이는 우리 복음이 너희에게 말로만 이른 것이 아니라
fQxxEYmsLVU.0008.wav|또한 능력과 성령과 큰 확신으로 된 것임이라
fQxxEYmsLVU.0009.wav|우리가 너희 가운데서 너희를 위하여 어떤 사람이 된 것은
fQxxEYmsLVU.0010.wav|너희가 아는 바와 같으니라
fQxxEYmsLVU.0011.wav|또 너희는 많은 환난 가운데서 성령의 기쁨으로 말씀을 받아
fQxxEYmsLVU.0012.wav|우리와 주를 본받은 자가 되었으니
fQxxEYmsLVU.0013.wav|그러므로 너희가 마게도냐와 아가야에 있는 모든 믿는 자의 본이 되었느니라
fQxxEYmsLVU.0014.wav|주의 말씀이 너희에게로부터 마게도냐와 아가야에만 들릴 뿐 아니라
fQxxEYmsLVU.0015.wav|하나님을 향하는 너희 믿음의 소문이 각처에 퍼졌으므로
fQxxEYmsLVU.0016.wav|우리는 아무 말도 할 것이 없노라
fQxxEYmsLVU.0017.wav|그들이 우리에 대하여 스스로 말하기를
fQxxEYmsLVU.0018.wav|우리가 어떻게 너희 가운데에 들어갔는지와
fQxxEYmsLVU.0019.wav|너희가 어떻게 우상을 버리고 하나님께로 돌아와서 살아 계시고 참되신 하나님을 섬기는지와 또 죽은 자들 가운데서 다시 살리신 그의 아들이
fQxxEYmsLVU.0020.wav|하늘로부터 강림하실 것을 너희가 어떻게 기다리는지를 말하니
PGj-P5mxXN4.0000.wav|창세기 35장
PGj-P5mxXN4.0001.wav|하나님이 야곱에게 이르시되 일어나 벧엘로 올라가서 거기 거주하며
PGj-P5mxXN4.0002.wav|네가 네 형 에서의 낯을 피하여 도망하던 때에 네게 나타났던 하나님께 거기서 제단을 쌓으라 하신지라
PGj-P5mxXN4.0003.wav|야곱이 이에 자기 집안 사람과 자기와 함께 한 모든 자에게 이르되
PGj-P5mxXN4.0004.wav|너희 중에 있는 이방 신상들을 버리고 자신을 정결하게 하고 너희들의 의복을 바꾸어 입으라
PGj-P5mxXN4.0005.wav|우리가 일어나 벧엘로 올라가자
PGj-P5mxXN4.0006.wav|내 환난 날에 내게 응답하시며 내가 가는 길에서 나와 함께 하신 하나님께 내가 거기서 제단을 쌓으려 하노라 하매
PGj-P5mxXN4.0007.wav|그들이 자기 손에 있는 모든 이방 신상들과 자기 귀에 있는 귀고리들을 야곱에게 주는지라
PGj-P5mxXN4.0008.wav|야곱이 그것들을 세겜 근처 상수리나무 아래에 묻고
PGj-P5mxXN4.0009.wav|그들이 떠났으나
PGj-P5mxXN4.0010.wav|하나님이 그 사면 고을들로 크게 두려워하게 하셨으므로
PGj-P5mxXN4.0011.wav|야곱의 아들들을 추격하는 자가 없었더라
PGj-P5mxXN4.0012.wav|야곱과 그와 함께 한 모든 사람이 가나안 땅 루스 곧 벧엘에 이르고
PGj-P5mxXN4.0013.wav|그가 거기서 제단을 쌓고 그 곳을 엘벧엘이라 불렀으니
PGj-P5mxXN4.0014.wav|이는 그의 형을 낯을 피할 때에
PGj-P5mxXN4.0015.wav|하나님이 거기서 그에게 나타나셨음이더라
PGj-P5mxXN4.0016.wav|리브가의 유모 드보라가 죽으매
PGj-P5mxXN4.0017.wav|그를 벧엘 아래에 있는 상수리나무 밑에 장사하고
PGj-P5mxXN4.0018.wav|그 나무 이름을 알론바굿이라 불렀더라
PGj-P5mxXN4.0019.wav|야곱이 밧단아람에서 돌아오매 하나님이 다시 야곱에게 나타나사 그에게 복을 주시고
PGj-P5mxXN4.0020.wav|하나님이 그에게 이르시되 네 이름이 야곱이지마는 네 이름을 다시는 야곱이라 부르지 않겠고 이스라엘이 네 이름이 되리라 하시고 그가 그의 이름을 이스라엘이라 부르시고
PGj-P5mxXN4.0021.wav|하나님이 그에게 이르시되
PGj-P5mxXN4.0022.wav|나는 전능한 하나님이라
PGj-P5mxXN4.0023.wav|생육하며 번성하라 한 백성과 백성들의 총회가 네게서 나오고
PGj-P5mxXN4.0024.wav|왕들이 네 허리에서 나오리라
PGj-P5mxXN4.0025.wav|내가 아브라함과 이삭에게 준 땅을 네게 주고
PGj-P5mxXN4.0026.wav|내가 네 후손에게도 그 땅을 주리라 하시고
PGj-P5mxXN4.0027.wav|하나님이 그와 말씀하시던 곳에서 그를 떠나 올라가시는지라
PGj-P5mxXN4.0028.wav|야곱이 하나님이 자기와 말씀하시던 곳에 기둥 곧 돌 기둥을 세우고
PGj-P5mxXN4.0029.wav|그 위에 전제물을 붓고 또 그 위에 기름을 붓고
PGj-P5mxXN4.0030.wav|하나님이 자기와 말씀하시던 곳의 이름을 벧엘이라 불렀더라
PGj-P5mxXN4.0031.wav|그들이 벧엘에서 길을 떠나 에브랏에 이르기까지
PGj-P5mxXN4.0032.wav|얼마간 거리를 둔 곳에서 라헬이 해산하게 되어 심히 고생하여
PGj-P5mxXN4.0033.wav|그가 난산할 즈음에 산파가 그에게 이르되
PGj-P5mxXN4.0034.wav|두려워하지 말라
PGj-P5mxXN4.0035.wav|지금 네가 또 득남하느니라 하매
PGj-P5mxXN4.0036.wav|그가 죽게 되어 그의 혼이 떠나려 할 때에
PGj-P5mxXN4.0037.wav|아들의 이름을 베노니라 불렀으나
PGj-P5mxXN4.0038.wav|그의 아버지는 그를 베냐민이라 불렀더라
PGj-P5mxXN4.0039.wav|라헬이 죽으매 에브랏 곧 베들레헴 길에 장사되었고
PGj-P5mxXN4.0040.wav|야곱이 라헬의 묘에 비를 세웠더니
PGj-P5mxXN4.0041.wav|지금까지 라헬의 묘비라 일컫더라
PGj-P5mxXN4.0042.wav|이스라엘이 다시 길을 떠나 에델 망대를 지나 장막을 쳤더라
PGj-P5mxXN4.0043.wav|이스라엘이 그 땅에 거주할 때에 르우벤이 가서 그 아버지의 첩 빌하와 동침하매
PGj-P5mxXN4.0044.wav|이스라엘이 이를 들었더라
PGj-P5mxXN4.0045.wav|야곱의 아들은 열둘이라
PGj-P5mxXN4.0046.wav|레아의 아들들은 야곱의 장자 르우벤과
PGj-P5mxXN4.0047.wav|그 다음 시므온과 레위와 유다와 잇사갈과 스불론이요
PGj-P5mxXN4.0048.wav|라헬의 아들들은 요셉과 베냐민이며
PGj-P5mxXN4.0049.wav|라헬의 여종 빌하의 아들들은 단과 납달리요
PGj-P5mxXN4.0050.wav|레아의 여종 실바의 아들들은 갓과 아셀이니
PGj-P5mxXN4.0051.wav|이들은 야곱의 아들들이요 밧단아람에서 그에게 낳은 자더라
PGj-P5mxXN4.0052.wav|야곱이 기럇아르바의 마므레로 가서 그의 아버지 이삭에게 이르렀으니
PGj-P5mxXN4.0053.wav|기럇아르바는 곧 아브라함과 이삭이 거류하던 헤브론이더라
PGj-P5mxXN4.0054.wav|이삭의 나이가 백팔십 세라
PGj-P5mxXN4.0055.wav|이삭이 나이가 많고 늙어 기운이 다하매 죽어
PGj-P5mxXN4.0056.wav|자기 열조에게로 돌아가니
PGj-P5mxXN4.0057.wav|그의 아들 에서와 야곱이 그를 장사하였더라
PGj-P5mxXN4.0058.wav|창세기 36장
PGj-P5mxXN4.0059.wav|에서 곧 에돔의 족보는 이러하니라
PGj-P5mxXN4.0060.wav|에서가 가나안 여인 중 헷 족속 엘론의 딸 아다와
PGj-P5mxXN4.0061.wav|히위 족속 시브온의 딸인 아나의 딸 오홀리바마를 자기 아내로 맞이하고
PGj-P5mxXN4.0062.wav|또 이스마엘의 딸 느바욧의 누이 바스맛을 맞이하였더니
PGj-P5mxXN4.0063.wav|아다는 엘리바스를 에서에게 낳았고 바스맛은 르우엘을 낳았고
PGj-P5mxXN4.0064.wav|오홀리바마는 여우스와 얄람과 고라를 낳았으니
PGj-P5mxXN4.0065.wav|이들은 에서의 아들들이요 가나안 땅에서 그에게 태어난 자들이더라
PGj-P5mxXN4.0066.wav|에서가 자기 아내들과 자기 자녀들과 자기 집의 모든 사람과
PGj-P5mxXN4.0067.wav|자기의 가축과 자기의 모든 짐승과
PGj-P5mxXN4.0068.wav|자기가 가나안 땅에서 모은 모든 재물을 이끌고 그의 동생 야곱을 떠나 다른 곳으로 갔으니
PGj-P5mxXN4.0069.wav|두 사람의 소유가 풍부하여 함께 거주할 수 없음이러라
PGj-P5mxXN4.0070.wav|그들이 거주하는 땅이 그들의 가축으로 말미암아 그들을 용납할 수 없었더라
PGj-P5mxXN4.0071.wav|이에 에서 곧 에돔이 세일 산에 거주하니라
PGj-P5mxXN4.0072.wav|세일 산에 있는 에돔 족속의 조상 에서의 족보는 이러하고
PGj-P5mxXN4.0073.wav|그 자손의 이름은 이러하니라
PGj-P5mxXN4.0074.wav|에서의 아내 아다의 아들은 엘리바스요
PGj-P5mxXN4.0075.wav|에서의 아내 바스맛의 아들은 르우엘이며
PGj-P5mxXN4.0076.wav|엘리바스의 아들들은 데만과 오말과 스보와 가담과 그나스요
PGj-P5mxXN4.0077.wav|에서의 아들 엘리바스의 첩 딤나는
PGj-P5mxXN4.0078.wav|아말렉을 엘리바스에게 낳았으니
PGj-P5mxXN4.0079.wav|이들은 에서의 아내 아다의 자손이며
PGj-P5mxXN4.0080.wav|르우엘의 아들들은 나핫과 세라와 삼마와 미사니
PGj-P5mxXN4.0081.wav|이들은 에서의 아내 바스맛의 자손이며
PGj-P5mxXN4.0082.wav|시브온의 손녀 아나의 딸 에서의 아내 오홀리바마의 아들들은 이러하니
PGj-P5mxXN4.0083.wav|그가 여우스와 얄람과 고라를 에서에게 낳았더라
PGj-P5mxXN4.0084.wav|에서 자손 중 족장은 이러하니라
PGj-P5mxXN4.0085.wav|에서의 장자 엘리바스의 자손으로는 데만 족장, 오말 족장, 스보 족장, 그나스 족장과
PGj-P5mxXN4.0086.wav|고라 족장, 가담 족장, 아말렉 족장이니
PGj-P5mxXN4.0087.wav|이들은 에돔 땅에 있는 엘리바스의 족장들이요 이들은 아다의 자손이며
PGj-P5mxXN4.0088.wav|에서의 아들 르우엘의 자손으로는 나핫 족장, 세라 족장, 삼마 족장, 미사 족장이니
PGj-P5mxXN4.0089.wav|이들은 에돔 땅에 있는 르우엘의 족장들이요 이들은 에서의 아내 바스맛의 자손이며
PGj-P5mxXN4.0090.wav|에서의 아내인 오홀리바마의 아들들은 여우스 족장, 얄람 족장, 고라 족장이니
PGj-P5mxXN4.0091.wav|이들은 아나의 딸이요 에서의 아내인 오홀리바마로 말미암아 나온 족장들이라
PGj-P5mxXN4.0092.wav|에서 곧 에돔의 자손으로서 족장 된 자들이 이러하였더라
PGj-P5mxXN4.0093.wav|그 땅의 주민 호리 족속 세일의 자손은 로단과 소발과 시브온과 아나와
PGj-P5mxXN4.0094.wav|디손과 에셀과 디산이니
PGj-P5mxXN4.0095.wav|이들은 에돔 땅에 있는 세일의 자손 중 호리 족속의 족장들이요
PGj-P5mxXN4.0096.wav|로단의 자녀는 호리와 헤맘과 로단의 누이 딤나요
PGj-P5mxXN4.0097.wav|소발의 자녀는 알완과 마나핫과 에발과 스보와 오남이요
PGj-P5mxXN4.0098.wav|시브온의 자녀는 아야와 아나며
PGj-P5mxXN4.0099.wav|이 아나는 그 아버지 시브온의 나귀를 칠 때에
PGj-P5mxXN4.0100.wav|광야에서 온천을 발견하였고
PGj-P5mxXN4.0101.wav|아나의 자녀는 디손과 오홀리바마니
PGj-P5mxXN4.0102.wav|오홀리바마는 아나의 딸이며
PGj-P5mxXN4.0103.wav|디손의 자녀는 헴단과 에스반과 이드란과 그란이요
PGj-P5mxXN4.0104.wav|에셀의 자녀는 빌한과 사아완과 아간이요
PGj-P5mxXN4.0105.wav|디산의 자녀는 우스와 아란이니
PGj-P5mxXN4.0106.wav|호리 족속의 족장들은 곧 로단 족장, 소발 족장, 시브온 족장, 아나 족장,
PGj-P5mxXN4.0107.wav|디손 족장, 에셀 족장, 디산 족장이라
PGj-P5mxXN4.0108.wav|이들은 그들의 족속들에 따라
PGj-P5mxXN4.0109.wav|세일 땅에 있는 호리 족속의 족장들이었더라
PGj-P5mxXN4.0110.wav|이스라엘 자손을 다스리는 왕이 있기 전에 에돔 땅을 다스리던 왕들은 이러하니라
PGj-P5mxXN4.0111.wav|브올의 아들 벨라가 에돔의 왕이 되었으니 그 도성의 이름은 딘하바며
PGj-P5mxXN4.0112.wav|벨라가 죽고 보스라 사람 세라의 아들 요밥이 그를 대신하여 왕이 되었고
PGj-P5mxXN4.0113.wav|요밥이 죽고 데만 족속의 땅의 후삼이 그를 대신하여 왕이 되었고
PGj-P5mxXN4.0114.wav|후삼이 죽고 브닷의 아들 곧 모압 들에서 미디안 족속을 친 하닷이
PGj-P5mxXN4.0115.wav|그를 대신하여 왕이 되었으니 그 도성 이름은 아윗이며
PGj-P5mxXN4.0116.wav|하닷이 죽고 마스레가의 삼라가 그를 대신하여 왕이 되었고
PGj-P5mxXN4.0117.wav|삼라가 죽고 유브라데 강변 르호봇의 사울이 그를 대신하여 왕이 되었고
PGj-P5mxXN4.0118.wav|사울이 죽고
PGj-P5mxXN4.0119.wav|악볼의 아들 바알하난이 그를 대신하여 왕이 되었고
PGj-P5mxXN4.0120.wav|악볼의 아들 바알하난이 죽고 하달이 그를 대신하여 왕이 되었으니
PGj-P5mxXN4.0121.wav|그 도성 이름은 바우며
PGj-P5mxXN4.0122.wav|그의 아내의 이름은 므헤다벨이니
PGj-P5mxXN4.0123.wav|마드렛의 딸이요 메사합의 손녀더라
PGj-P5mxXN4.0124.wav|에서에게서 나온 족장들의 이름은 그 종족과 거처와 이름을 따라 나누면 이러하니
PGj-P5mxXN4.0125.wav|딤나 족장, 알와 족장, 여뎃 족장,
PGj-P5mxXN4.0126.wav|오홀리바마 족장
PGj-P5mxXN4.0127.wav|엘라 족장
PGj-P5mxXN4.0128.wav|비논 족장
PGj-P5mxXN4.0129.wav|그나스 족장, 데만 족장, 밉살 족장,
PGj-P5mxXN4.0130.wav|막디엘 족장, 이람 족장이라
PGj-P5mxXN4.0131.wav|이들은 그 구역과 거처를 따른 에돔 족장들이며
PGj-P5mxXN4.0132.wav|에돔 족속의 조상은 에서더라
PGj-P5mxXN4.0133.wav|창세기 37장
PGj-P5mxXN4.0134.wav|야곱이 가나안 땅 곧 그의 아버지가 거류하던 땅에 거주하였으니
PGj-P5mxXN4.0135.wav|야곱의 족보는 이러하니라
PGj-P5mxXN4.0136.wav|요셉이 십칠 세의 소년으로서 그의 형들과 함께 양을 칠 때에
PGj-P5mxXN4.0137.wav|그의 아버지의 아내들 빌하와 실바의 아들들과 더불어 함께 있었더니
PGj-P5mxXN4.0138.wav|그가 그들의 잘못을 아버지에게 말하더라
PGj-P5mxXN4.0139.wav|요셉은 노년에 얻은 아들이므로
PGj-P5mxXN4.0140.wav|이스라엘이 여러 아들들보다 그를 더 사랑하므로
PGj-P5mxXN4.0141.wav|그를 위하여 채색옷을 지었더니
PGj-P5mxXN4.0142.wav|그의 형들이 아버지가 형들보다 그를 더 사랑함을 보고 그를 미워하여 그에게 편안하게 말할 수 없었더라
PGj-P5mxXN4.0143.wav|요셉이 꿈을 꾸고 자기 형들에게 말하매
PGj-P5mxXN4.0144.wav|그들이 그를 더욱 미워하였더라
PGj-P5mxXN4.0145.wav|요셉이 그들에게 이르되
PGj-P5mxXN4.0146.wav|청하건대 내가 꾼 꿈을 들으시오
PGj-P5mxXN4.0147.wav|우리가 밭에서 곡식 단을 묶더니 내 단은 일어서고 당신들의 단은 내 단을 둘러서서 절하더이다
PGj-P5mxXN4.0148.wav|그의 형들이 그에게 이르되 네가 참으로 우리의 왕이 되겠느냐
PGj-P5mxXN4.0149.wav|참으로 우리를 다스리게 되겠느냐 하고
PGj-P5mxXN4.0150.wav|그의 꿈과 그의 말로 말미암아 그를 더욱 미워하더니
PGj-P5mxXN4.0151.wav|요셉이 다시 꿈을 꾸고 그의 형들에게 말하여 이르되
PGj-P5mxXN4.0152.wav|내가 또 꿈을 꾼즉 해와 달과 열한 별이 내게 절하더이다 하니라
PGj-P5mxXN4.0153.wav|그가 그의 꿈을 아버지와 형들에게 말하매
PGj-P5mxXN4.0154.wav|아버지가 그를 꾸짖고 그에게 이르되
PGj-P5mxXN4.0155.wav|네가 꾼 꿈이 무엇이냐
PGj-P5mxXN4.0156.wav|나와 네 어머니와 네 형들이 참으로 가서 땅에 엎드려 네게 절하겠느냐
PGj-P5mxXN4.0157.wav|그의 형들은 시기하되 그의 아버지는 그 말을 간직해 두었더라
PGj-P5mxXN4.0158.wav|그의 형들이 세겜에 가서 아버지의 양 떼를 칠 때에
PGj-P5mxXN4.0159.wav|이스라엘이 요셉에게 이르되
PGj-P5mxXN4.0160.wav|네 형들이 세겜에서 양을 치지 아니하느냐
PGj-P5mxXN4.0161.wav|너를 그들에게로 보내리라
PGj-P5mxXN4.0162.wav|요셉이 아버지에게 대답하되 내가 그리하겠나이다
PGj-P5mxXN4.0163.wav|이스라엘이 그에게 이르되
PGj-P5mxXN4.0164.wav|가서 네 형들과 양 떼가 다 잘 있는지를 보고
PGj-P5mxXN4.0165.wav|돌아와 내게 말하라 하고
PGj-P5mxXN4.0166.wav|그를 헤브론 골짜기에서 보내니 그가 세겜으로 가니라
PGj-P5mxXN4.0167.wav|어떤 사람이 그를 만난즉 그가 들에서 방황하는지라
PGj-P5mxXN4.0168.wav|그 사람이 그에게 물어 이르되 네가 무엇을 찾느냐
PGj-P5mxXN4.0169.wav|그가 이르되
PGj-P5mxXN4.0170.wav|내가 내 형들을 찾으오니 청하건대 그들이 양치는 곳을 내게 가르쳐 주소서
PGj-P5mxXN4.0171.wav|그 사람이 이르되
PGj-P5mxXN4.0172.wav|그들이 여기서 떠났느니라
PGj-P5mxXN4.0173.wav|내가 그들의 말을 들으니 도단으로 가자 하더라 하니라
PGj-P5mxXN4.0174.wav|요셉이 그의 형들의 뒤를 따라 가서 도단에서 그들을 만나니라
PGj-P5mxXN4.0175.wav|요셉이 그들에게 가까이 오기 전에 그들이 요셉을 멀리서 보고 죽이기를 꾀하여
PGj-P5mxXN4.0176.wav|서로 이르되
PGj-P5mxXN4.0177.wav|꿈 꾸는 자가 오는도다
PGj-P5mxXN4.0178.wav|자
PGj-P5mxXN4.0179.wav|그를 죽여 한 구덩이에 던지고 우리가 말하기를
PGj-P5mxXN4.0180.wav|악한 짐승이 그를 잡아먹었다 하자
PGj-P5mxXN4.0181.wav|그의 꿈이 어떻게 되는지를 우리가 볼 것이니라 하는지라
PGj-P5mxXN4.0182.wav|르우벤이 듣고 요셉을 그들의 손에서 구원하려 하여 이르되
PGj-P5mxXN4.0183.wav|우리가 그의 생명은 해치지 말자
PGj-P5mxXN4.0184.wav|르우벤이 또 그들에게 이르되 피를 흘리지 말라
PGj-P5mxXN4.0185.wav|그를 광야 그 구덩이에 던지고 손을 그에게 대지 말라 하니
PGj-P5mxXN4.0186.wav|이는 그가 요셉을 그들의 손에서 구출하여 그의 아버지에게로 돌려보내려 함이었더라
PGj-P5mxXN4.0187.wav|요셉이 형들에게 이르매 그의 형들이 요셉의 옷 곧 그가 입은 채색옷을 벗기고
PGj-P5mxXN4.0188.wav|그를 잡아 구덩이에 던지니 그 구덩이는 빈 것이라
PGj-P5mxXN4.0189.wav|그 속에 물이 없었더라
PGj-P5mxXN4.0190.wav|그들이 앉아 음식을 먹다가 눈을 들어 본즉
PGj-P5mxXN4.0191.wav|한 무리의 이스마엘 사람들이 길르앗에서 오는데
PGj-P5mxXN4.0192.wav|그 낙타들에 향품과 유향과 몰약을 싣고 애굽으로 내려가는지라
PGj-P5mxXN4.0193.wav|유다가 자기 형제에게 이르되
PGj-P5mxXN4.0194.wav|우리가 우리 동생을 죽이고 그의 피를 덮어둔들 무엇이 유익할까
PGj-P5mxXN4.0195.wav|자
PGj-P5mxXN4.0196.wav|그를 이스마엘 사람들에게 팔고 그에게 우리 손을 대지 말자
PGj-P5mxXN4.0197.wav|그는 우리의 동생이요 우리의 혈육이니라 하매
PGj-P5mxXN4.0198.wav|그의 형제들이 청종하였더라
PGj-P5mxXN4.0199.wav|그 때에 미디안 사람 상인들이 지나가고 있는지라
PGj-P5mxXN4.0200.wav|형들이 요셉을 구덩이에서 끌어올리고 은 이십에 그를 이스마엘 사람들에게 팔매
PGj-P5mxXN4.0201.wav|그 상인들이 요셉을 데리고 애굽으로 갔더라
PGj-P5mxXN4.0202.wav|르우벤이 돌아와 구덩이에 이르러 본즉
PGj-P5mxXN4.0203.wav|거기 요셉이 없는지라
PGj-P5mxXN4.0204.wav|옷을 찢고
PGj-P5mxXN4.0205.wav|아우들에게로 되돌아와서 이르되 아이가 없도다 나는 어디로 갈까
PGj-P5mxXN4.0206.wav|그들이 요셉의 옷을 가져다가 숫염소를 죽여 그 옷을 피에 적시고
PGj-P5mxXN4.0207.wav|그의 채색옷을 보내어 그의 아버지에게로 가지고 가서 이르기를
PGj-P5mxXN4.0208.wav|우리가 이것을 발견하였으니
PGj-P5mxXN4.0209.wav|아버지 아들의 옷인가 보소서 하매
3E_riEl-jiY.0000.wav|빌립보서 4장
3E_riEl-jiY.0001.wav|그러므로 나를 사랑하고 사모하는 형제들 나의 기쁨이여 면류관인 사랑하는 자들아
3E_riEl-jiY.0002.wav|이와 같이 주 안에서라
3E_riEl-jiY.0003.wav|내가 유오디아를 권하고 순두게를 권하노니
3E_riEl-jiY.0004.wav|주 안에서 같은 마음을 품으라
3E_riEl-jiY.0005.wav|또 참으로 나와 멍에를 같이한 네게 구하노니
3E_riEl-jiY.0006.wav|복음에 나와 함께 힘쓰던 저 여인들을 돕고
3E_riEl-jiY.0007.wav|또한 글레멘드와 그 외에 나의 동역자들을 도우라
3E_riEl-jiY.0008.wav|그 이름들이 생명책에 있느니라
3E_riEl-jiY.0009.wav|주 안에서 항상 기뻐하라 내가 다시 말하노니 기뻐하라
3E_riEl-jiY.0010.wav|너희 관용을 모든 사람에게 알게 하라 주꼐서 가까우시니라
3E_riEl-jiY.0011.wav|아무 것도 염려하지 말고 다만 모든 일에 기도와 간구로, 너희 구할 것을 감사함으로 하나님께 아뢰라
3E_riEl-jiY.0012.wav|그리하면 모든 지각에 뛰어난 하나님의 평강이
3E_riEl-jiY.0013.wav|그리스도 예수 안에서 너희 마음과 생각을 지키시리라
3E_riEl-jiY.0014.wav|끝으로 형제들아 무엇에든지 참되며
3E_riEl-jiY.0015.wav|무엇에든지 경건하며
3E_riEl-jiY.0016.wav|무엇에든지 옳으며 무엇에든지 정결하며
3E_riEl-jiY.0017.wav|무엇에든지 사랑 받을 만하며
3E_riEl-jiY.0018.wav|무엇에든지 칭찬 받을 만하며
3E_riEl-jiY.0019.wav|무슨 덕이 있든지 무슨 기림이 있든지 이것들을 생각하라
3E_riEl-jiY.0020.wav|너희는 내게 배우고 받고 듣고 본 바를 행하라
3E_riEl-jiY.0021.wav|그리하면 평강의 하나님이 너희와 함께 계시리라
3E_riEl-jiY.0022.wav|내가 주 안에서 크게 기뻐함은
3E_riEl-jiY.0023.wav|너희가 나를 생각하던 것이 이제 다시 싹이 남이니
3E_riEl-jiY.0024.wav|너희가 또한 이를 위하여 생각은 하였으나 기회가 없었느니라
3E_riEl-jiY.0025.wav|내가 궁핍하므로 말하는 것이 아니니라
3E_riEl-jiY.0026.wav|어떠한 형편에든지 나는 자족하기를 배웠노니
3E_riEl-jiY.0027.wav|나는 비천에 처할 줄도 알고 풍부에 처할 줄도 알아
3E_riEl-jiY.0028.wav|모든 일 곧 배부름과 배고픔과 풍부와 궁핍에도 처할 줄 아는 일체의 비결을 배웠노라
3E_riEl-jiY.0029.wav|내게 능력 주시는 자 안에서 내가 모든 것을 할 수 있느니라
3E_riEl-jiY.0030.wav|그러나 너희가 내 괴로움에 함꼐 참여하였으니 잘하였도다
3E_riEl-jiY.0031.wav|빌립보 사람들아 너희도 알거니와
3E_riEl-jiY.0032.wav|복음의 시초에 내가 마게도냐를 떠날 때에 주고 받는 내 일에 참여한 교회가 너희 외에 아무도 없었느니라 
3E_riEl-jiY.0033.wav|데살로니가에 있을 때에도 너희가 한 번뿐 아니라 두 번이나 나의 쓸 것을 보내었도다 
3E_riEl-jiY.0034.wav|내가 선물을 구함이 아니요 오직 너희에게 유익하도록 풍성한 열매를 구함이라
3E_riEl-jiY.0035.wav|내게는 모든 것이 있고 또 풍부한지라
3E_riEl-jiY.0036.wav|에바브로디도 편에 너희가 준 것을 받으므로 내가 풍족하니
3E_riEl-jiY.0037.wav|이는 받으실 만한 향기로운 제물이요 하나님을 기쁘시게 한 것이라
3E_riEl-jiY.0038.wav|나의 하나님이
AOBZbPJYrDM.0000.wav|에베소서 3장 
AOBZbPJYrDM.0001.wav|이러므로 그리스도 예수의 일로 너희 이방인을 위하여 갇힌 자 된다 바울이 말하거니와
AOBZbPJYrDM.0002.wav|너희를 위하여 내게 주신 하나님의 그 은혜의 경륜을 너희가 들었을 터이라
AOBZbPJYrDM.0003.wav|곧
AOBZbPJYrDM.0004.wav|계시로 내게 비밀을 알게하신 것은 내가 먼저 간단히 기록함과 같으니
AOBZbPJYrDM.0005.wav|그것을 읽으면 내가 그리스도의 비밀을 깨달은 것을 너희가 알 수 있으리라
AOBZbPJYrDM.0006.wav|이제 그의 거룩한 사도들과 선지자들에게 성령으로 나타내신 것 같이
AOBZbPJYrDM.0007.wav|다른 세대에서는 사람의 아들들에게 알리지 아니하셨으니 이는 이방인들이 복음으로 말미암아 그리스도 예수 안에서 함께 상속자가 되고
AOBZbPJYrDM.0008.wav|함께 지체가 되고 함께 약속에 참여하는 자가 됨이라
AOBZbPJYrDM.0009.wav|이 복음을 위하여 그의 능력이 역사하시는 대로 내게 주신 하나님의 선물을 따라 내가 일꾼이 되었노라
AOBZbPJYrDM.0010.wav|모든 성도 중에 지극히 작은 자보다 더 작은 나에게 이 은혜를 주신 것은 측량할 수 없는 그리스도의 풍성함을 이방인에게 전하게 하시고
AOBZbPJYrDM.0011.wav|영원부터 만물을 창조하신 하나님 속에 감추어졌던 비밀의 경륜이 어떠한 것을 드러내게 하려 하심이라
AOBZbPJYrDM.0012.wav|이는 이제 교회로 말미암아 하늘에 있는 통치자들과 권세들에게 하나님의 각종 지혜를 알게 하려 하심이니
AOBZbPJYrDM.0013.wav|곧 영원부터 우리 주 그리스도 예수 안에서 예정하신 뜻대로 하신 것이라
AOBZbPJYrDM.0014.wav|우리가 그 안에서 그를 믿음으로 말미암아 담대함과 확신을 가지고 하나님께 나아감을 얻느니라
AOBZbPJYrDM.0015.wav|그러므로 너희에게 구하노니
AOBZbPJYrDM.0016.wav|너희를 위한 나의 여러 환난에 대하여 낙심하지 말라
AOBZbPJYrDM.0017.wav|이는 너희의 영광이니라
AOBZbPJYrDM.0018.wav|이러므로 내가 하늘과 땅에 있는 각 족속에게 이름을 주신 아버지 앞에 무릎을 꿇고 비노니
AOBZbPJYrDM.0019.wav|그의 영광의 풍성함을 따라 그의 성령으로 말미암아 너희 속사람을 능력으로 강건하게 하시오며
AOBZbPJYrDM.0020.wav|믿음으로 말미암아 그리스도께서 너희 마음에 계시게 하시옵고
AOBZbPJYrDM.0021.wav|너희가 사랑 가운데서 뿌리가 박히고 터가 굳어져서
AOBZbPJYrDM.0022.wav|능히 모든 성도와 함께 지식에 넘치는 그리스도의 사랑을 알고
AOBZbPJYrDM.0023.wav|그 너비와 길이와 높이와 깊이가 어떠함을 깨달아
AOBZbPJYrDM.0024.wav|하나님의 모든 충만하신 것으로 너희에게 충만하게 하시기를 구하노라
AOBZbPJYrDM.0025.wav|우리 가운데서 역사하시는 능력대로
AOBZbPJYrDM.0026.wav|우리가 구하거나 생각하는 모든 것에 더 넘치도록 능히 하실 이에게 회 안에서와 그리스도 예수 안에서 영광이 대대로 영원무궁하기를 원하노라 아멘
eROn9sGey3Y.0000.wav|마태복음 2장
eROn9sGey3Y.0001.wav|헤롯 왕 때에 예수께서 유대 베들레헴에서 나시매 동방으로부터 박사들이 예루살렘에 이르러 말하되
eROn9sGey3Y.0002.wav|유대인의 왕으로 나신 이가 어디 계시냐
eROn9sGey3Y.0003.wav|우리가 동방에서 그의 별을 보고 그에게 경배하러 왔노라 하니
eROn9sGey3Y.0004.wav|헤롯 왕과 온 예루살렘이 듣고 소동한지라
eROn9sGey3Y.0005.wav|왕이 모든 대제사장과 백성의 서기관들을 모아 그리스도가 어디서 나겠느냐 물으니
eROn9sGey3Y.0006.wav|이르되 유대 베들레헴이오니
eROn9sGey3Y.0007.wav|이는 선지자로 이렇게 기록된 바
eROn9sGey3Y.0008.wav|또 유대 땅 베들레헴아 너는 유대 고을 중에서 가장 작지 아니하도다
eROn9sGey3Y.0009.wav|네게서 한 다스리는 자가 나와서 내 백성 이스라엘의 목자가 되리라 하였음이니이다
eROn9sGey3Y.0010.wav|이에 헤롯이 가만히 박사들을 불러 별이 나타난 때를 자세히 묻고
eROn9sGey3Y.0011.wav|베들레헴으로 보내며 이르되
eROn9sGey3Y.0012.wav|가서 아기에 대하여 자세히 알아보고 찾거든 내게 고하여 나도 가서 그에게 경배하게 하라
eROn9sGey3Y.0013.wav|박사들이 왕의 말을 듣고 갈새 동방에서 보던 그 별이 문득 앞서 인도하여 가다가
eROn9sGey3Y.0014.wav|아기 있는 곳 위에 머물러 서 있는지라
eROn9sGey3Y.0015.wav|그들이 별을 보고 매우 크게 기뻐하고 기뻐하더라
eROn9sGey3Y.0016.wav|집에 들어가 아기와 그의 어머니 마리아가 함께 있는 것을 보고 엎드려 아기께 경배하고 보배합을 열어 황금과 유향과 몰약을 예물로 드리니라
eROn9sGey3Y.0017.wav|그들은 꿈에 헤롯에게로 돌아가지 말라 지시하심을 받아 다른 길로 고국에 돌아가니라
eROn9sGey3Y.0018.wav|그들이 떠난 후에 주의 사자가 요셉에게 현몽하여 이르되
eROn9sGey3Y.0019.wav|헤롯이 아기를 찾아 죽이려 하니 일어나 아기와 그의 어머니를 데리고 애굽으로 피하여 내가 네게 이르기까지 거기 있으라 하시니
eROn9sGey3Y.0020.wav|요셉이 일어나서 밤에 아기와 그의 어머니를 데리고 애굽으로 떠나가
eROn9sGey3Y.0021.wav|헤롯이 죽기까지 거기 있었으니
eROn9sGey3Y.0022.wav|이는 주께서 선지자를 통하여 말씀하신 바
eROn9sGey3Y.0023.wav|애굽으로부터 내 아들을 불렀다 함을 이루려 하심이라
eROn9sGey3Y.0024.wav|이에 헤롯이 박사들에게 속은 줄 알고 심히 노하여 사람을 보내어
eROn9sGey3Y.0025.wav|베들레헴과 그 모든 지경 안에 있는 사내아이를 박사들에게 자세히 알아본 그 때를 기준하여
eROn9sGey3Y.0026.wav|두 살부터 그 아래로 다 죽이니
eROn9sGey3Y.0027.wav|이에 선지자 예레미야를 통하여 말씀하신 바
eROn9sGey3Y.0028.wav|라마에서 슬퍼하며 크게 통곡하는 소리가 들리니
eROn9sGey3Y.0029.wav|라헬이 그 자식을 위하여 애곡하는 것이라
eROn9sGey3Y.0030.wav|그가 자식이 없으므로 위로 받기를 거절하였도다 함이 이루어졌느니라
eROn9sGey3Y.0031.wav|헤롯이 죽은 후에 주의 사자가 애굽에서 요셉에게 현몽하여 이르되
eROn9sGey3Y.0032.wav|일어나 아기와 그의 어머니를 데리고 이스라엘 땅으로 가라
eROn9sGey3Y.0033.wav|아기의 목숨을 찾던 자들이 죽었느니라 하시니
eROn9sGey3Y.0034.wav|요셉이 일어나 아기와 그의 어머니를 데리고 이스라엘 땅으로 들어가니라
eROn9sGey3Y.0035.wav|그러나 아켈라오가 그의 아버지 헤롯을 이어 유대의 임금 됨을 듣고
eROn9sGey3Y.0036.wav|거기로 가기를 무서워하더니
eROn9sGey3Y.0037.wav|꿈에 지시하심을 받아 갈릴리 지방으로 떠나가
eROn9sGey3Y.0038.wav|나사렛이란 동네에 가서 사니
eROn9sGey3Y.0039.wav|이는 선지자로 하신 말씀에
bVwGS4j5uDU.0000.wav|데살로니가전서 이장
bVwGS4j5uDU.0001.wav|형제들아 우리가 너희 가운데 들어간 것이 헛되지 않은 줄을 너희가 친히 아나니
bVwGS4j5uDU.0002.wav|너희가 아는 바와 같이 우리가 먼저 빌립보에서 고난과 능욕을 당하였으나
bVwGS4j5uDU.0003.wav|우리 하나님을 힘입어 많은 싸움 중에 하나님의 복음을 너희에게 전하였노라
bVwGS4j5uDU.0004.wav|우리의 권면은 간사함이나 부정에서 난 것이 아니요
bVwGS4j5uDU.0005.wav|속임수로 하는 것도 아니라
bVwGS4j5uDU.0006.wav|오직 하나님께 옳게 여기심을 입어 복음을 위탁 받았으니
bVwGS4j5uDU.0007.wav|우리가 이와 같이 말함은 사람을 기쁘게 하려 함이 아니요
bVwGS4j5uDU.0008.wav|오직 우리 마음을 감찰하시는 하나님을 기쁘시게 하려 함이라
bVwGS4j5uDU.0009.wav|너희도 알거니와 우리가 아무 때에도 아첨하는 말이나 탐심의 탈을 쓰지 아니한 것을 하나님이 증언하시느니라
bVwGS4j5uDU.0010.wav|또한 우리는 너희에게서든지 다른 이에게서든지
bVwGS4j5uDU.0011.wav|사람에게서는 영광을 구하지 아니하였노라
bVwGS4j5uDU.0012.wav|우리는 그리스도의 사도로서 마땅히 권위를 주장할 수 있으나
bVwGS4j5uDU.0013.wav|도리어 너희 가운데서 유순한 자가 되어 유모가 자기 자녀를 기름과 같이 하였으니
bVwGS4j5uDU.0014.wav|우리가 이같이 너희를 사모하여 하나님의 복음뿐 아니라 우리의 목숨까지도 너희에게 주기를 기뻐함은
bVwGS4j5uDU.0015.wav|너희가 우리의 사랑하는 자 됨이라
bVwGS4j5uDU.0016.wav|형제들아
bVwGS4j5uDU.0017.wav|우리의 수고와 애쓴 것을 너희가 기억하리니
bVwGS4j5uDU.0018.wav|너희 아무에게도 폐를 끼치지 아니하려고 밤낮으로 일하면서
bVwGS4j5uDU.0019.wav|너희에게 하나님의 복음을 전하였노라
bVwGS4j5uDU.0020.wav|우리가 너희 믿는 자들을 향하여 어떻게 거룩하고 옳고 흠 없이 행하였는지에 대하여 너희가 증인이요 하나님도 그러하시도다
bVwGS4j5uDU.0021.wav|너희도 아는 바와 같이
bVwGS4j5uDU.0022.wav|우리가 너희 각 사람에게 아버지가 자기 자녀에게 하듯 권면하고 위로하고 경계하노니
bVwGS4j5uDU.0023.wav|이는 너희를 부르사 자기 나라와 영광에 이르게 하시는 하나님께 합당히 행하게 하려 함이라
bVwGS4j5uDU.0024.wav|이러므로 우리가 하나님께 끊임없이 감사함은
bVwGS4j5uDU.0025.wav|너희가 우리에게 들은 바 하나님의 말씀을 받을 때에
bVwGS4j5uDU.0026.wav|사람의 말로 받지 아니하고 하나님의 말씀으로 받음이니
bVwGS4j5uDU.0027.wav|진실로 그러하도다
bVwGS4j5uDU.0028.wav|이 말씀이 또한 너희 믿는 자 가운데에서 역사하느니라
bVwGS4j5uDU.0029.wav|형제들아
bVwGS4j5uDU.0030.wav|너희가 그리스도 예수 안에서 유대에 있는 하나님의 교회들을 본받은 자 되었으니
bVwGS4j5uDU.0031.wav|그들이 유대인들에게 고난을 받음과 같이 너희도 너희 동족에게서 동일한 고난을 받았느니라
bVwGS4j5uDU.0032.wav|유대인은 주 예수와 선지자들을 죽이고 우리를 쫓아내고 하나님을 기쁘시게 하지 아니하고 모든 사람에게 대적이 되어
bVwGS4j5uDU.0033.wav|우리가 이방인에게 말하여 구원받게 함을
bVwGS4j5uDU.0034.wav|그들이 금하여 자기 죄를 항상 채우매
bVwGS4j5uDU.0035.wav|노하심이 끝까지 그들에게 임하였느니라
bVwGS4j5uDU.0036.wav|형제들아
bVwGS4j5uDU.0037.wav|우리가 잠시 너희를 떠난 것은 얼굴이요 마음은 아니니
bVwGS4j5uDU.0038.wav|너희 얼굴 보기를 열정으로 더욱 힘썼노라
bVwGS4j5uDU.0039.wav|그러므로 나 바울은 한번 두번 너희에게 가고자 하였으나
bVwGS4j5uDU.0040.wav|사탄이 우리를 막았도다
3E_riEl-jiY.0039.wav|그리스도 예수 안에서
3E_riEl-jiY.0040.wav|영광 가운데 그 풍성한 대로 너희 모든 쓸 것을 채우시리라
3E_riEl-jiY.0041.wav|하나님 곧 우리 아버지께 세세 무궁하도록 영광을 돌릴지어다 아멘 
3E_riEl-jiY.0042.wav|그리스도 예수 안에 있는 성도에게 각각 문안하라
3E_riEl-jiY.0043.wav|나와 함께 있는 형제들이 너희에게 문안하고
3E_riEl-jiY.0044.wav|모든 성도들이 너희에게 문안하되
3E_riEl-jiY.0045.wav|특히 가이사의 집 사람들 중 몇이니라
3E_riEl-jiY.0046.wav|주 예수 그리스도
bVwGS4j5uDU.0041.wav|우리의 소망이나 기쁨이나 자랑의 면류관이 무엇이냐
bVwGS4j5uDU.0042.wav|그가 강림하실 때 우리 주 예수 앞에 너희가 아니냐
bVwGS4j5uDU.0043.wav|너희는 우리의 영광이요 기
PGj-P5mxXN4.0210.wav|아버지가 그것을 알아보고 이르되 내 아들의 옷이라
PGj-P5mxXN4.0211.wav|악한 짐승이 그를 잡아 먹었도다
PGj-P5mxXN4.0212.wav|요셉이 분명히 찢겼도다 하고
PGj-P5mxXN4.0213.wav|자기 옷을 찢고 굵은 베로 허리를 묶고 오래도록 그의 아들을 위하여 애통하니
PGj-P5mxXN4.0214.wav|그의 모든 자녀가 위로하되
PGj-P5mxXN4.0215.wav|그가 그 위로를 받지 아니하여 이르되
PGj-P5mxXN4.0216.wav|내가 슬퍼하며 스올로 내려가 아들에게로 가리라 하고
PGj-P5mxXN4.0217.wav|그의 아버지가 그를 위하여 울었더라
PGj-P5mxXN4.0218.wav|그 미디안 사람들은 그를 애굽에서 바로의 신하 친위대장 보디발에게 팔았더라
PGj-P5mxXN4.0219.wav|시편 11편
PGj-P5mxXN4.0220.wav|내가 여호와께 피하였거늘 너희가 내 영혼에게 새 같이 네 산으로 도망하라 함은 어찌함인가
PGj-P5mxXN4.0221.wav|악인이 활을 당기고 화살을 시위에 먹임이여
PGj-P5mxXN4.0222.wav|마음이 바른 자를 어두운 데서 쏘려 하는도다
PGj-P5mxXN4.0223.wav|터가 무너지면 의인이 무엇을 하랴
PGj-P5mxXN4.0224.wav|여호와께서는 그의 성전에 계시고 여호와의 보좌는 하늘에 있음이여
PGj-P5mxXN4.0225.wav|그의 눈이 인생을 통촉하시고 그의 안목이 그들을 감찰하시도다
PGj-P5mxXN4.0226.wav|여호와는 의인을 감찰하시고
PGj-P5mxXN4.0227.wav|악인과 폭력을 좋아하는 자를 마음에 미워하시도다
PGj-P5mxXN4.0228.wav|악인에게 그물을 던지시리니
PGj-P5mxXN4.0229.wav|불과 유황과 태우는 바람이
PGj-P5mxXN4.0230.wav|그들의 잔의 소득이 되리로다
PGj-P5mxXN4.0231.wav|여호와는 의로우사 의로운 일을 좋아하시나니
a7NPQ8mS1Ls.0000.wav|갈라디아서 육장
a7NPQ8mS1Ls.0001.wav|형제들아 사람이 만일 무슨 범죄한 일이 드러나거든
a7NPQ8mS1Ls.0002.wav|신령한 너희는 온유한 심령으로 그러한 자를 바로잡고 너 자신을 살펴보아 너도 시험을 받을까 두려워하라
a7NPQ8mS1Ls.0003.wav|너희가 짐을 서로 지라
a7NPQ8mS1Ls.0004.wav|그리하여 그리스도의 법을 성취하라
a7NPQ8mS1Ls.0005.wav|만일 누가 아무 것도 되지 못하고 된 줄로 생각하면 스스로 속임이라
a7NPQ8mS1Ls.0006.wav|각각 자기의 일을 살피라
a7NPQ8mS1Ls.0007.wav|그리하면 자랑할 것이 자기에게는 있어도 남에게는 있지 아니하리니
a7NPQ8mS1Ls.0008.wav|각각 자기의 짐을 질 것이라
a7NPQ8mS1Ls.0009.wav|가르침을 받는 자는 말씀을 가르치는 자와 모든 좋은 것을 함께 하라
a7NPQ8mS1Ls.0010.wav|스스로 속이지 말라
a7NPQ8mS1Ls.0011.wav|하나님은 업신여김을 받지 아니하시나니
a7NPQ8mS1Ls.0012.wav|사람이 무엇으로 심든지 그대로 거두리라
a7NPQ8mS1Ls.0013.wav|자기의 육체를 위하여 심는 자는 육체로부터 썩어질 것을 거두고
a7NPQ8mS1Ls.0014.wav|성령을 위하여 심는 자는 성령으로부터 영생을 거두리라
a7NPQ8mS1Ls.0015.wav|우리가 선을 행하되 낙심하지 말지니
a7NPQ8mS1Ls.0016.wav|포기하지 아니하면 때가 이르매 거두리라
a7NPQ8mS1Ls.0017.wav|그러므로 우리는 기회 있는 대로 모든 이에게 착한 일을 하되 더욱 믿음의 가정들에게 할지니라
a7NPQ8mS1Ls.0018.wav|내 손으로 너희에게 이렇게 큰 글자로 쓴 것을 보라
a7NPQ8mS1Ls.0019.wav|무릇 육체의 모양을 내려 하는 자들이 억지로 너희에게 할례를 받게 함은
a7NPQ8mS1Ls.0020.wav|그들이 그리스도의 십자가로 말미암아 박해를 면하려 함뿐이라
a7NPQ8mS1Ls.0021.wav|할례를 받은 그들이라도 스스로 율법은 지키지 아니하고
a7NPQ8mS1Ls.0022.wav|너희에게 할례를 받게 하려 하는 것은
a7NPQ8mS1Ls.0023.wav|그들이 너희의 육체로 자랑하려 함이라 그러나 내게는 우리 주 예수 그리스도의 십자가 외에 결코 자랑할 것이 없으니
a7NPQ8mS1Ls.0024.wav|그리스도로 말미암아 세상이 나를 대하여 십자가에 못 박히고 내가 또한 세상을 대하여 그러하니라
a7NPQ8mS1Ls.0025.wav|할례나 무할례가 아무 것도 아니로되 오직 새로 지으심을 받는 것만이 중요하니라
a7NPQ8mS1Ls.0026.wav|무릇 이 규례를 행하는 자에게와
a7NPQ8mS1Ls.0027.wav|하나님의 이스라엘에게 평강과 긍휼이 있을지어다
a7NPQ8mS1Ls.0028.wav|이 후로는 누구든지 나를 괴롭게 하지 말라
a7NPQ8mS1Ls.0029.wav|내가 내 몸에 예수의 흔적을 지니고 있노라
a7NPQ8mS1Ls.0030.wav|형제들아
a7NPQ8mS1Ls.0031.wav|우리 주 예수 그리스도의 은혜가 너희 심령에 있을지어다
NiDdvDoyhy8.0000.wav|골로새서 사장
NiDdvDoyhy8.0001.wav|상전들아 의와 공평을 종들에게 베풀지니 너희에게도 하늘에 상전이 계심을 알지어다
NiDdvDoyhy8.0002.wav|기도를 계속하고 기도에 감사함으로 깨어 있으라
NiDdvDoyhy8.0003.wav|또한 우리를 위하여 기도하되
NiDdvDoyhy8.0004.wav|하나님이 전도할 문을 우리에게 열어 주사
NiDdvDoyhy8.0005.wav|그리스도의 비밀을 말하게 하시기를 구하라
NiDdvDoyhy8.0006.wav|내가 이 일 때문에 매임을 당하였노라
NiDdvDoyhy8.0007.wav|그리하면 내가 마땅히 할 말로써 이 비밀을 나타내리라
NiDdvDoyhy8.0008.wav|외인에게 대해서는 지혜로 행하여 세월을 아끼라
NiDdvDoyhy8.0009.wav|너희 말을 항상 은혜 가운데서 소금으로 맛을 냄과 같이 하라
NiDdvDoyhy8.0010.wav|그리하면 각 사람에게 마땅히 대답할 것을 알리라
NiDdvDoyhy8.0011.wav|두기고가 내 사정을 다 너희에게 알려 주리니 그는 사랑 받는 형제요 신실한 일꾼이요 주 안에서 함께 종이 된 자니라
NiDdvDoyhy8.0012.wav|내가 그를 특별히 너희에게 보내는 것은
NiDdvDoyhy8.0013.wav|너희로 우리 사정을 알게 하고
NiDdvDoyhy8.0014.wav|너희 마음을 위로하게 하려 함이라
NiDdvDoyhy8.0015.wav|신실하고 사랑을 받는 형제 오네시모를 함께 보내노니
NiDdvDoyhy8.0016.wav|그는 너희에게서 온 사람이라
NiDdvDoyhy8.0017.wav|그들이 여기 일을 다 너희에게 알려 주리라
NiDdvDoyhy8.0018.wav|나와 함께 갇힌 아리스다고와 바나바의 생질 마가와
NiDdvDoyhy8.0019.wav|이 마가에 대하여 너희가 명을 받았으매
NiDdvDoyhy8.0020.wav|그가 이르거든 영접하라
NiDdvDoyhy8.0021.wav|유스도라 하는 예수도 너희에게 문안하느니라
NiDdvDoyhy8.0022.wav|그들은 할례파이나 이들만은 하나님의 나라를 위하여 함께 역사하는 자들이니
NiDdvDoyhy8.0023.wav|이런 사람들이 나의 위로가 되었느니라
NiDdvDoyhy8.0024.wav|그리스도 예수의 종인 너희에게서 온 에바브라가 너희에게 문안하느니라
NiDdvDoyhy8.0025.wav|그가 항상 너희를 위하여 애써 기도하여
NiDdvDoyhy8.0026.wav|너희로 하나님의 모든 뜻 가운데서 완전하고 확신 있게 서기를 구하나니
NiDdvDoyhy8.0027.wav|그가 너희와 라오디게아에 있는 자들과
NiDdvDoyhy8.0028.wav|히에라볼리에 있는 자들을 위하여 많이 수고하는 것을 내가 증언하노라
NiDdvDoyhy8.0029.wav|사랑을 받는 의사 누가와 또 데마가 너희에게 문안하느니라
NiDdvDoyhy8.0030.wav|라오디게아에 있는 형제들과 눔바와 그 여자의 집에 있는 교회에 문안하고
NiDdvDoyhy8.0031.wav|이 편지를 너희에게서 읽은 후에 라오디게아인의 교회에서도 읽게 하고
NiDdvDoyhy8.0032.wav|또 라오디게아로부터 오는 편지를 너희도 읽으라아킵보에게 이르기를 주 안에서 받은 직분을 삼가 이루라고 하라
NiDdvDoyhy8.0033.wav|나 바울은 친필로 문안하노니
NiDdvDoyhy8.0034.wav|내가 매인 것을 생각하라
RMcTmmGgHcw.0000.wav|에베소서 일장
RMcTmmGgHcw.0001.wav|하나님의 뜻으로 말미암아 그리스도 예수의 사도 된 바울은
RMcTmmGgHcw.0002.wav|에베소에 있는 성도들과 그리스도 예수 안에 있는 신실한 자들에게 편지하노니
RMcTmmGgHcw.0003.wav|하나님 우리 아버지와 주 예수 그리스도로부터
RMcTmmGgHcw.0004.wav|은혜와 평강이 너희에게 있을지어다
RMcTmmGgHcw.0005.wav|찬송하리로다
RMcTmmGgHcw.0006.wav|하나님 곧 우리 주 예수 그리스도의 아버지께서 그리스도 안에서 하늘에 속한 모든 신령한 복을 우리에게 주시되
RMcTmmGgHcw.0007.wav|곧
RMcTmmGgHcw.0008.wav|창세 전에 그리스도 안에서 우리를 택하사
RMcTmmGgHcw.0009.wav|우리로 사랑 안에서 그 앞에 거룩하고 흠이 없게 하시려고
RMcTmmGgHcw.0010.wav|그 기쁘신 뜻대로 우리를 예정하사
RMcTmmGgHcw.0011.wav|예수 그리스도로 말미암아 자기의 아들들이 되게 하셨으니이는 그가 사랑하시는 자 안에서 우리에게 거저 주시는 바 그의 은혜의 영광을 찬송하게 하려는 것이라
RMcTmmGgHcw.0012.wav|우리는 그리스도 안에서 그의 은혜의 풍성함을 따라
RMcTmmGgHcw.0013.wav|그의 피로 말미암아 속량 곧 죄 사함을 받았느니라
RMcTmmGgHcw.0014.wav|이는 그가 모든 지혜와 총명을 우리에게 넘치게 하사
RMcTmmGgHcw.0015.wav|그 뜻의 비밀을 우리에게 알리신 것이요
RMcTmmGgHcw.0016.wav|그의 기뻐하심을 따라 그리스도 안에서 때가 찬 경륜을 위하여 예정하신 것이니
RMcTmmGgHcw.0017.wav|하늘에 있는 것이나 땅에 있는 것이 다 그리스도 안에서 통일되게 하려 하심이라
RMcTmmGgHcw.0018.wav|모든 일을 그의 뜻의 결정대로 일하시는 이의 계획을 따라
RMcTmmGgHcw.0019.wav|우리가 예정을 입어 그 안에서 기업이 되었으니
RMcTmmGgHcw.0020.wav|이는 우리가 그리스도 안에서 전부터 바라던 그의 영광의 찬송이 되게 하려 하심이라
RMcTmmGgHcw.0021.wav|그 안에서 너희도 진리의 말씀 곧 너희의 구원의 복음을 듣고 그 안에서 또한 믿어 약속의 성령으로 인치심을 받았으니 이는 우리 기업의 보증이 되사
RMcTmmGgHcw.0022.wav|그 얻으신 것을 속량하시고
RMcTmmGgHcw.0023.wav|그의 영광을 찬송하게 하려 하심이라
RMcTmmGgHcw.0024.wav|이로 말미암아 주 예수 안에서 너희 믿음과 모든 성도를 향한 사랑을 나도 듣고
RMcTmmGgHcw.0025.wav|내가 기도할 때에 기억하며 너희로 말미암아 감사하기를 그치지 아니하고
RMcTmmGgHcw.0026.wav|우리 주 예수 그리스도의 하나님, 영광의 아버지께서 지혜와 계시의 영을 너희에게 주사 하나님을 알게 하시고
RMcTmmGgHcw.0027.wav|너희 마음의 눈을 밝히사 그의 부르심의 소망이 무엇이며
RMcTmmGgHcw.0028.wav|성도 안에서 그 기업의 영광의 풍성함이 무엇이며 그의 힘의 위력으로 역사하심을 따라 믿는 우리에게 베푸신 능력의 지극히 크심이 어떠한 것을 너희로 알게 하시기를 구하노라
RMcTmmGgHcw.0029.wav|그의 능력이 그리스도 안에서 역사하사
RMcTmmGgHcw.0030.wav|죽은 자들 가운데서 다시 살리시고
RMcTmmGgHcw.0031.wav|하늘에서 자기의 오른편에 앉히사
RMcTmmGgHcw.0032.wav|모든 통치와 권세와 능력과 주권과 이 세상뿐 아니라 오는 세상에 일컫는 모든 이름 위에 뛰어나게 하시고
RMcTmmGgHcw.0033.wav|또 만물을 그의 발 아래에 복종하게 하시고
RMcTmmGgHcw.0034.wav|그를 만물 위에 교회의 머리로 삼으셨느니라
RMcTmmGgHcw.0035.wav|교회는 그의 몸이니
-Yj9dOPRpXg.0000.wav|에베소서 이장
-Yj9dOPRpXg.0001.wav|그는 허물과 죄로 죽었던 너희를 살리셨도다
-Yj9dOPRpXg.0002.wav|그 때에 너희는 그 가운데서 행하여 이 세상 풍조를 따르고
-Yj9dOPRpXg.0003.wav|공중의 권세 잡은 자를 따랐으니 곧 지금 불순종의 아들들 가운데서 역사하는 영이라
-Yj9dOPRpXg.0004.wav|전에는 우리도 다 그 가운데서 우리 육체의 욕심을 따라 지내며 육체와 마음의 원하는 것을 하여 다른 이들과 같이 본질상 진노의 자녀이었더니
-Yj9dOPRpXg.0005.wav|긍휼이 풍성하신 하나님이 우리를 사랑하신 그 큰 사랑을 인하여
-Yj9dOPRpXg.0006.wav|허물로 죽은 우리를 그리스도와 함께 살리셨고
-Yj9dOPRpXg.0007.wav|너희는 은혜로 구원을 받은 것이라
-Yj9dOPRpXg.0008.wav|또 함께 일으키사 그리스도 예수 안에서 함께 하늘에 앉히시니
-Yj9dOPRpXg.0009.wav|이는 그리스도 예수 안에서 우리에게 자비하심으로써 그 은혜의 지극히 풍성함을 오는 여러 세대에 나타내려 하심이라
-Yj9dOPRpXg.0010.wav|너희는 그 은혜에 의하여 믿음으로 말미암아 구원을 받았으니
-Yj9dOPRpXg.0011.wav|이것은 너희에게서 난 것이 아니요 하나님의 선물이라
-Yj9dOPRpXg.0012.wav|행위에서 난 것이 아니니 이는 누구든지 자랑하지 못하게 함이라
-Yj9dOPRpXg.0013.wav|우리는 그가 만드신 바라
-Yj9dOPRpXg.0014.wav|그리스도 예수 안에서 선한 일을 위하여 지으심을 받은 자니
-Yj9dOPRpXg.0015.wav|이 일은 하나님이 전에 예비하사
-Yj9dOPRpXg.0016.wav|우리로 그 가운데서 행하게 하려 하심이니라
-Yj9dOPRpXg.0017.wav|그러므로 생각하라
-Yj9dOPRpXg.0018.wav|너희는 그 때에 육체로는 이방인이요 손으로 육체에 행한 할례를 받은 무리라 칭하는 자들로부터 할례를 받지 않은 무리라 칭함을 받는 자들이라
-Yj9dOPRpXg.0019.wav|그 때에 너희는 그리스도 밖에 있었고 이스라엘 나라 밖의 사람이라
-Yj9dOPRpXg.0020.wav|약속의 언약들에 대하여는 외인이요
-Yj9dOPRpXg.0021.wav|세상에서 소망이 없고 하나님도 없는 자이더니
-Yj9dOPRpXg.0022.wav|이제는 전에 멀리 있던 너희가 그리스도 예수 안에서
-Yj9dOPRpXg.0023.wav|그리스도의 피로 가까워졌느니라 그는 우리의 화평이신지라
-Yj9dOPRpXg.0024.wav|둘로 하나를 만드사 원수 된 것 곧 중간에 막힌 담을 자기 육체로 허시고
-Yj9dOPRpXg.0025.wav|법조문으로 된 계명의 율법을 폐하셨으니
-Yj9dOPRpXg.0026.wav|이는 이 둘로 자기 안에서 한 새 사람을 지어 화평하게 하시고
-Yj9dOPRpXg.0027.wav|또 십자가로 이 둘을 한 몸으로
-Yj9dOPRpXg.0028.wav|하나님과 화목하게 하려 하심이라
-Yj9dOPRpXg.0029.wav|원수 된 것을 십자가로 소멸하시고
-Yj9dOPRpXg.0030.wav|또 오셔서 먼 데 있는 너희에게 평안을 전하시고
-Yj9dOPRpXg.0031.wav|가까운 데 있는 자들에게 평안을 전하셨으니
-Yj9dOPRpXg.0032.wav|이는 그로 말미암아 우리 둘이 한 성령 안에서
-Yj9dOPRpXg.0033.wav|아버지께 나아감을 얻게 하려 하심이라
-Yj9dOPRpXg.0034.wav|그러므로 이제부터 너희는 외인도 아니요 나그네도 아니요 오직 성도들과 동일한 시민이요 하나님의 권속이라 너희는 사도들과 선지자들의 터 위에 세우심을 입은 자라
-Yj9dOPRpXg.0035.wav|그리스도 예수께서 친히 모퉁잇돌이 되셨느니라
-Yj9dOPRpXg.0036.wav|그의 안에서 건물마다 서로 연결하여 주 안에서 성전이 되어 가고
-Yj9dOPRpXg.0037.wav|너희도 성령 안에서 하나님이 거하실 처소가 되기 위하여
-Yj9dOPRpXg.0038.wav|그리스도 예수 안에서 함께
Nc8W5j5Pg74.0000.wav|마태복음 사장
Nc8W5j5Pg74.0001.wav|그 때에 예수께서 성령에게 이끌리어 마귀에게 시험을 받으러 광야로 가사
Nc8W5j5Pg74.0002.wav|사십 일을 밤낮으로 금식하신 후에 주리신지라
Nc8W5j5Pg74.0003.wav|시험하는 자가 예수께 나아와서 이르되
Nc8W5j5Pg74.0004.wav|네가 만일 하나님의 아들이어든 명하여 이 돌들로 떡덩이가 되게 하라
Nc8W5j5Pg74.0005.wav|예수께서 대답하여 이르시되 기록되었으되 사람이 떡으로만 살 것이 아니요
Nc8W5j5Pg74.0006.wav|하나님의 입으로부터 나오는 모든 말씀으로 살 것이라 하였느니라 하시니
Nc8W5j5Pg74.0007.wav|이에 마귀가 예수를 거룩한 성으로 데려다가 성전 꼭대기에 세우고
Nc8W5j5Pg74.0008.wav|이르되 네가 만일 하나님의 아들이어든 뛰어내리라
Nc8W5j5Pg74.0009.wav|기록되었으되
Nc8W5j5Pg74.0010.wav|그가 너를 위하여 그의 사자들을 명하시리니
Nc8W5j5Pg74.0011.wav|그들이 손으로 너를 받들어 발이 돌에 부딪치지 않게 하리로다 하였느니라
Nc8W5j5Pg74.0012.wav|예수께서 이르시되
Nc8W5j5Pg74.0013.wav|또 기록되었으되 주 너의 하나님을 시험하지 말라 하였느니라 하시니
Nc8W5j5Pg74.0014.wav|마귀가 또 그를 데리고 지극히 높은 산으로 가서
Nc8W5j5Pg74.0015.wav|천하 만국과 그 영광을 보여 	이르되 만일 내게 엎드려 경배하면 이 모든 것을 네게 주리라
Nc8W5j5Pg74.0016.wav|이에 예수께서 말씀하시되 사탄아 물러가라
Nc8W5j5Pg74.0017.wav|기록되었으되 주 너의 하나님께 경배하고 다만 그를 섬기라 하였느니라
Nc8W5j5Pg74.0018.wav|이에 마귀는 예수를 떠나고 천사들이 나아와서 수종드니라
Nc8W5j5Pg74.0019.wav|예수께서 요한이 잡혔음을 들으시고 갈릴리로 물러가셨다가
Nc8W5j5Pg74.0020.wav|나사렛을 떠나 스불론과 납달리 지경 해변에 있는 가버나움에 가서 사시니
Nc8W5j5Pg74.0021.wav|이는 선지자 이사야를 통하여 하신 말씀을 이루려 하심이라
Nc8W5j5Pg74.0022.wav|일렀으되
Nc8W5j5Pg74.0023.wav|스불론 땅과 납달리 땅과 요단 강 저편 해변 길과
Nc8W5j5Pg74.0024.wav|이방의 갈릴리여
Nc8W5j5Pg74.0025.wav|흑암에 앉은 백성이 큰 빛을 보았고
Nc8W5j5Pg74.0026.wav|사망의 땅과 그늘에 앉은 자들에게 빛이 비치었도다 하였느니라
Nc8W5j5Pg74.0027.wav|이 때부터 예수께서 비로소 전파하여 이르시되
Nc8W5j5Pg74.0028.wav|회개하라 천국이 가까이 왔느니라 하시더라
Nc8W5j5Pg74.0029.wav|갈릴리 해변에 다니시다가 두 형제 곧 베드로라 하는 시몬과
Nc8W5j5Pg74.0030.wav|그의 형제 안드레가 바다에 그물 던지는 것을 보시니 그들은 어부라
Nc8W5j5Pg74.0031.wav|말씀하시되
Nc8W5j5Pg74.0032.wav|나를 따라오라 내가 너희를 사람을 낚는 어부가 되게 하리라 하시니
Nc8W5j5Pg74.0033.wav|그들이 곧 그물을 버려 두고 예수를 따르니라
Nc8W5j5Pg74.0034.wav|거기서 더 가시다가 다른 두 형제 곧 세베대의 아들 야고보와
Nc8W5j5Pg74.0035.wav|그의 형제 요한이 그의 아버지 세베대와 함께 배에서 그물 깁는 것을 보시고 부르시니
Nc8W5j5Pg74.0036.wav|그들이 곧 배와 아버지를 버려 두고 예수를 따르니라 예수께서 온 갈릴리에 두루 다니사 그들의 회당에서 가르치시며 천국 복음을 전파하시며 백성 중의 모든 병과 모든 약한 것을 고치시니
Nc8W5j5Pg74.0037.wav|그의 소문이 온 수리아에 퍼진지라
Nc8W5j5Pg74.0038.wav|사람들이 모든 앓는 자 곧 각종 병에 걸려서 고통 당하는 자
Nc8W5j5Pg74.0039.wav|귀신 들린 자, 간질하는 자, 중풍병자들을 데려오니 그들을 고치시더라
Nc8W5j5Pg74.0040.wav|갈릴리와 데가볼리와 예루살렘과 유대와 요단 강 건너편에서 수많은 무리가
OYWmtkhSU2w.0000.wav|골로새서 삼장
OYWmtkhSU2w.0001.wav|그러므로 너희가 그리스도와 함께 다시 살리심을 받았으면 위의 것을 찾으라
OYWmtkhSU2w.0002.wav|거기는 그리스도께서 하나님 우편에 앉아 계시느니라
OYWmtkhSU2w.0003.wav|위의 것을 생각하고 땅의 것을 생각하지 말라
OYWmtkhSU2w.0004.wav|이는 너희가 죽었고 너희 생명이 그리스도와 함께 하나님 안에 감추어졌음이라
OYWmtkhSU2w.0005.wav|우리 생명이신 그리스도께서 나타나실 그 때에 너희도 그와 함께 영광 중에 나타나리라
OYWmtkhSU2w.0006.wav|그러므로 땅에 있는 지체를 죽이라 곧 음란과 부정과 사욕과 악한 정욕과 탐심이니
OYWmtkhSU2w.0007.wav|탐심은 우상 숭배니라
OYWmtkhSU2w.0008.wav|이것들로 말미암아 하나님의 진노가 임하느니라
OYWmtkhSU2w.0009.wav|너희도 전에 그 가운데 살 때에는 그 가운데서 행하였으나
OYWmtkhSU2w.0010.wav|이제는 너희가 이 모든 것을 벗어 버리라
OYWmtkhSU2w.0011.wav|곧 분함과 노여움과 악의와 비방과
OYWmtkhSU2w.0012.wav|너희 입의 부끄러운 말이라
OYWmtkhSU2w.0013.wav|너희가 서로 거짓말을 하지 말라 옛 사람과 그 행위를 벗어 버리고 새 사람을 입었으니 이는 자기를 창조하신 이의 형상을 따라
OYWmtkhSU2w.0014.wav|지식에까지 새롭게 하심을 입은 자니라
OYWmtkhSU2w.0015.wav|거기에는 헬라인이나 유대인이나 할례파나 무할례파나
OYWmtkhSU2w.0016.wav|야만인이나 스구디아인이나
OYWmtkhSU2w.0017.wav|종이나 자유인이 차별이 있을 수 없나니
OYWmtkhSU2w.0018.wav|오직 그리스도는 만유시요 만유 안에 계시니라
OYWmtkhSU2w.0019.wav|그러므로 너희는 하나님이 택하사 거룩하고 사랑 받는 자처럼 긍휼과 자비와 겸손과 온유와 오래 참음을 옷 입고
OYWmtkhSU2w.0020.wav|누가 누구에게 불만이 있거든 서로 용납하여 피차 용서하되
OYWmtkhSU2w.0021.wav|주께서 너희를 용서하신 것 같이 너희도 그리하고
OYWmtkhSU2w.0023.wav|이는 온전하게 매는 띠니라
OYWmtkhSU2w.0024.wav|그리스도의 평강이 너희 마음을 주장하게 하라
OYWmtkhSU2w.0025.wav|너희는 평강을 위하여 한 몸으로 부르심을 받았나니
OYWmtkhSU2w.0026.wav|너희는 또한 감사하는 자가 되라
OYWmtkhSU2w.0027.wav|그리스도의 말씀이 너희 속에 풍성히 거하여 모든 지혜로 피차 가르치며 권면하고
OYWmtkhSU2w.0028.wav|시와 찬송과 신령한 노래를 부르며 감사하는 마음으로 하나님을 찬양하고
OYWmtkhSU2w.0029.wav|또 무엇을 하든지 말에나 일에나 다 주 예수의 이름으로 하고
OYWmtkhSU2w.0030.wav|그를 힘입어 하나님 아버지께 감사하라
OYWmtkhSU2w.0031.wav|아내들아 남편에게 복종하라 이는 주 안에서 마땅하니라
OYWmtkhSU2w.0032.wav|남편들아 아내를 사랑하며 괴롭게 하지 말라
OYWmtkhSU2w.0033.wav|자녀들아 모든 일에 부모에게 순종하라
OYWmtkhSU2w.0034.wav|이는 주 안에서 기쁘게 하는 것이니라
OYWmtkhSU2w.0035.wav|아비들아 너희 자녀를 노엽게 하지 말지니 낙심할까 함이라
OYWmtkhSU2w.0036.wav|종들아 모든 일에 육신의 상전들에게 순종하되
OYWmtkhSU2w.0037.wav|사람을 기쁘게 하는 자와 같이 눈가림만 하지 말고
OYWmtkhSU2w.0038.wav|오직 주를 두려워하여 성실한 마음으로 하라
OYWmtkhSU2w.0039.wav|무슨 일을 하든지 마음을 다하여 주께 하듯 하고 사람에게 하듯 하지 말라
OYWmtkhSU2w.0040.wav|이는 기업의 상을 주께 받을 줄 아나니
OYWmtkhSU2w.0041.wav|너희는 주 그리스도를 섬기느니라
OYWmtkhSU2w.0042.wav|불의를 행하는 자는 불의의 보응을 받으리니
brYyskrMDBc.0000.wav|에베소서 육장
brYyskrMDBc.0001.wav|자녀들아 주 안에서 너희 부모에게 순종하라 이것이 옳으니라
brYyskrMDBc.0002.wav|네 아버지와 어머니를 공경하라 이것은 약속이 있는 첫 계명이니
brYyskrMDBc.0003.wav|이로써 네가 잘되고 땅에서 장수하리라
brYyskrMDBc.0004.wav|또 아비들아 너희 자녀를 노엽게 하지 말고
brYyskrMDBc.0005.wav|오직 주의 교훈과 훈계로 양육하라
brYyskrMDBc.0006.wav|종들아 두려워하고 떨며 성실한 마음으로 육체의 상전에게 순종하기를
brYyskrMDBc.0007.wav|그리스도께 하듯 하라
brYyskrMDBc.0008.wav|눈가림만 하여 사람을 기쁘게 하는 자처럼 하지 말고
brYyskrMDBc.0009.wav|그리스도의 종들처럼 마음으로 하나님의 뜻을 행하고
brYyskrMDBc.0010.wav|기쁜 마음으로 섬기기를 주께 하듯 하고
brYyskrMDBc.0011.wav|사람들에게 하듯 하지 말라
brYyskrMDBc.0012.wav|이는 각 사람이 무슨 선을 행하든지
brYyskrMDBc.0013.wav|종이나 자유인이나 주께로부터 그대로 받을 줄을 앎이라
brYyskrMDBc.0014.wav|상전들아
brYyskrMDBc.0015.wav|너희도 그들에게 이와 같이 하고 위협을 그치라
brYyskrMDBc.0016.wav|이는 그들과 너희의 상전이 하늘에 계시고
brYyskrMDBc.0017.wav|그에게는 사람을 외모로 취하는 일이 없는 줄 너희가 앎이라
brYyskrMDBc.0018.wav|끝으로 너희가 주 안에서와 그 힘의 능력으로 강건하여지고
brYyskrMDBc.0019.wav|마귀의 간계를 능히 대적하기 위하여
brYyskrMDBc.0020.wav|하나님의 전신 갑주를 입으라
brYyskrMDBc.0021.wav|우리의 씨름은 혈과 육을 상대하는 것이 아니요
brYyskrMDBc.0022.wav|통치자들과 권세들과 이 어둠의 세상 주관자들과
brYyskrMDBc.0023.wav|하늘에 있는 악의 영들을 상대함이라
brYyskrMDBc.0024.wav|그러므로 하나님의 전신 갑주를 취하라
brYyskrMDBc.0025.wav|이는 악한 날에 너희가 능히 대적하고
brYyskrMDBc.0026.wav|모든 일을 행한 후에 서기 위함이라
brYyskrMDBc.0027.wav|그런즉 서서 진리로 너희 허리 띠를 띠고 의의 호심경을 붙이고
brYyskrMDBc.0028.wav|평안의 복음이 준비한 것으로 신을 신고
brYyskrMDBc.0029.wav|모든 것 위에 믿음의 방패를 가지고
brYyskrMDBc.0030.wav|이로써 능히 악한 자의 모든 불화살을 소멸하고
brYyskrMDBc.0031.wav|구원의 투구와 성령의 검 곧 하나님의 말씀을 가지라
brYyskrMDBc.0032.wav|모든 기도와 간구를 하되
brYyskrMDBc.0033.wav|항상 성령 안에서 기도하고
brYyskrMDBc.0034.wav|이를 위하여 깨어 구하기를 항상 힘쓰며
brYyskrMDBc.0035.wav|여러 성도를 위하여 구하라
brYyskrMDBc.0036.wav|또 나를 위하여 구할 것은 내게 말씀을 주사
brYyskrMDBc.0037.wav|나로 입을 열어 복음의 비밀을 담대히 알리게 하옵소서 할 것이니
brYyskrMDBc.0038.wav|이 일을 위하여 내가 쇠사슬에 매인 사신이 된 것은
brYyskrMDBc.0039.wav|나로 이 일에 당연히 할 말을 담대히 하게 하려 하심이라
brYyskrMDBc.0040.wav|나의 사정 곧 내가 무엇을 하는지 너희에게도 알리려 하노니
brYyskrMDBc.0041.wav|사랑을 받은 형제요 주 안에서 진실한 일꾼인 두기고가 모든 일을 너희에게 알리리라
brYyskrMDBc.0042.wav|우리 사정을 알리고 또 너희 마음을 위로하기 위하여 내가 특별히 그를 너희에게 보내었노라
brYyskrMDBc.0043.wav|아버지 하나님과 주 예수 그리스도께로부터 평안과 믿음을 겸한 사랑이 형제들에게 있을지어다
brYyskrMDBc.0044.wav|우리 주 예수 그리스도를 변함 없이 사랑하는 모든 자에게
hO6-XPIJwxc.0000.wav|빌립보서 일장
hO6-XPIJwxc.0001.wav|그리스도 예수의 종 바울과 디모데는 그리스도 예수 안에서 빌립보에 사는 모든 성도와 또한 감독들과 집사들에게 편지하노니
hO6-XPIJwxc.0002.wav|하나님 우리 아버지와 주 예수 그리스도로부터 은혜와 평강이 너희에게 있을지어다
hO6-XPIJwxc.0003.wav|내가 너희를 생각할 때마다 나의 하나님께 감사하며 간구할 때마다 너희 무리를 위하여 기쁨으로 항상 간구함은
hO6-XPIJwxc.0004.wav|너희가 첫날부터 이제까지 복음을 위한 일에 참여하고 있기 때문이라 너희 안에서 착한 일을 시작하신 이가 그리스도 예수의 날까지 이루실 줄을 우리는 확신하노라
hO6-XPIJwxc.0005.wav|내가 너희 무리를 위하여 이와 같이 생각하는 것이 마땅하니
hO6-XPIJwxc.0006.wav|이는 너희가 내 마음에 있음이며 나의 매임과 복음을 변명함과 확정함에
hO6-XPIJwxc.0007.wav|너희가 다 나와 함께 은혜에 참여한 자가 됨이라
hO6-XPIJwxc.0008.wav|내가 예수 그리스도의 심장으로 너희 무리를 얼마나 사모하는지
hO6-XPIJwxc.0009.wav|하나님이 내 증인이시니라
hO6-XPIJwxc.0010.wav|내가 기도하노라
hO6-XPIJwxc.0011.wav|너희 사랑을 지식과 모든 총명으로 점점 더 풍성하게 하사
hO6-XPIJwxc.0012.wav|너희로 지극히 선한 것을 분별하며
hO6-XPIJwxc.0013.wav|또 진실하여 허물 없이 그리스도의 날까지 이르고
hO6-XPIJwxc.0014.wav|예수 그리스도로 말미암아 의의 열매가 가득하여
hO6-XPIJwxc.0015.wav|하나님의 영광과 찬송이 되기를 원하노라
hO6-XPIJwxc.0016.wav|형제들아 내가 당한 일이 도리어 복음 전파에 진전이 된 줄을 너희가 알기를 원하노라
hO6-XPIJwxc.0017.wav|이러므로 나의 매임이 그리스도 안에서 모든 시위대 안과 그 밖의 모든 사람에게 나타났으니
hO6-XPIJwxc.0018.wav|형제 중 다수가 나의 매임으로 말미암아 주 안에서 신뢰함으로 겁 없이 하나님의 말씀을 더욱 담대히 전하게 되었느니라
hO6-XPIJwxc.0019.wav|어떤 이들은 투기와 분쟁으로, 어떤 이들은 착한 뜻으로 그리스도를 전파하나니
hO6-XPIJwxc.0020.wav|이들은 내가 복음을 변증하기 위하여 세우심을 받은 줄 알고 사랑으로 하나
hO6-XPIJwxc.0021.wav|그들은 나의 매임에 괴로움을 더하게 할 줄로 생각하여 순수하지 못하게 다툼으로 그리스도를 전파하느니라
hO6-XPIJwxc.0022.wav|그러면 무엇이냐
hO6-XPIJwxc.0023.wav|겉치레로 하나 참으로 하나 무슨 방도로 하든지 전파되는 것은 그리스도니
hO6-XPIJwxc.0024.wav|이로써 나는 기뻐하고 또한 기뻐하리라
hO6-XPIJwxc.0025.wav|이것이 너희의 간구와 예수 그리스도의 성령의 도우심으로 나를 구원에 이르게 할 줄 아는 고로
hO6-XPIJwxc.0026.wav|나의 간절한 기대와 소망을 따라 아무 일에든지 부끄러워하지 아니하고
hO6-XPIJwxc.0027.wav|지금도 전과 같이 온전히 담대하여
hO6-XPIJwxc.0028.wav|살든지 죽든지 내 몸에서 그리스도가 존귀하게 되게 하려 하나니
hO6-XPIJwxc.0029.wav|이는 내게 사는 것이 그리스도니 죽는 것도 유익함이라
hO6-XPIJwxc.0030.wav|그러나 만일 육신으로 사는 이것이 내 일의 열매일진대
hO6-XPIJwxc.0031.wav|무엇을 택해야 할는지 나는 알지 못하노라
hO6-XPIJwxc.0032.wav|내가 그 둘 사이에 끼었으니
hO6-XPIJwxc.0033.wav|차라리 세상을 떠나서 그리스도와 함께 있는 것이 훨씬 더 좋은 일이라 그렇게 하고 싶으나
hO6-XPIJwxc.0034.wav|내가 육신으로 있는 것이 너희를 위하여 더 유익하리라 내가 살 것과
hO6-XPIJwxc.0035.wav|너희 믿음의 진보와 기쁨을 위하여 너희 무리와 함께 거할 이것을 확실히 아노니 내가 다시 너희와 같이 있음으로 그리스도 예수 안에서 너희 자랑이 나로 말미암아 풍성하게 하려 함이라
hO6-XPIJwxc.0036.wav|오직 너희는 그리스도의 복음에 합당하게 생활하라
hO6-XPIJwxc.0037.wav|이는 내가 너희에게 가 보나 떠나 있으나
hO6-XPIJwxc.0038.wav|너희가 한마음으로 서서 한 뜻으로 복음의 신앙을 위하여 협력하는 것과
hO6-XPIJwxc.0039.wav|무슨 일에든지 대적하는 자들 때문에 두려워하지 아니하는 이 일을 듣고자 함이라
hO6-XPIJwxc.0040.wav|이것이 그들에게는 멸망의 증거요 너희에게는 구원의 증거니
hO6-XPIJwxc.0041.wav|이는 하나님께로부터 난 것이라
hO6-XPIJwxc.0042.wav|그리스도를 위하여 너희에게 은혜를 주신 것은
hO6-XPIJwxc.0043.wav|다만 그를 믿을 뿐 아니라
hO6-XPIJwxc.0044.wav|또한 그를 위하여 고난도 받게 하려 하심이라
hO6-XPIJwxc.0045.wav|너희에게도 그와 같은 싸움이 있으니
hO6-XPIJwxc.0046.wav|너희가 내 안에서 본 바요
hO6-XPIJwxc.0047.wav|이제도 내 안에서
bda3Xxbo2Xc.0000.wav|갈라디아서 사장
bda3Xxbo2Xc.0001.wav|내가 또 말하노니 유업을 이을 자가 모든 것의 주인이나 어렸을 동안에는 종과 다름이 없어서
bda3Xxbo2Xc.0002.wav|그 아버지가 정한 때까지 후견인과 청지기 아래에 있나니 이와 같이 우리도 어렸을 때에 이 세상의 1)초등학문 아래에 있어서 종 노릇 하였더니
bda3Xxbo2Xc.0003.wav|때가 차매
bda3Xxbo2Xc.0004.wav|하나님이 그 아들을 보내사 여자에게서 나게 하시고
bda3Xxbo2Xc.0005.wav|율법 아래에 나게 하신 것은
bda3Xxbo2Xc.0006.wav|율법 아래에 있는 자들을 속량하시고
bda3Xxbo2Xc.0007.wav|우리로 아들의 명분을 얻게 하려 하심이라
bda3Xxbo2Xc.0008.wav|너희가 아들이므로 하나님이 그 아들의 영을 우리 마음 가운데 보내사 아빠 아버지라 부르게 하셨느니라
bda3Xxbo2Xc.0009.wav|그러므로 네가 이 후로는 종이 아니요
bda3Xxbo2Xc.0010.wav|아들이니 아들이면 하나님으로 말미암아 유업을 받을 자니라
bda3Xxbo2Xc.0011.wav|그러나 너희가 그 때에는 하나님을 알지 못하여
bda3Xxbo2Xc.0012.wav|본질상 하나님이 아닌 자들에게 종 노릇 하였더니
bda3Xxbo2Xc.0013.wav|이제는 너희가 하나님을 알 뿐 아니라 더욱이 하나님이 아신 바 되었거늘
bda3Xxbo2Xc.0014.wav|어찌하여 다시 약하고 천박한 초등학문으로 돌아가서 다시 그들에게 종 노릇 하려 하느냐
bda3Xxbo2Xc.0015.wav|너희가 날과 달과 절기와 해를 삼가 지키니
bda3Xxbo2Xc.0016.wav|내가 너희를 위하여 수고한 것이 헛될까 두려워하노라
bda3Xxbo2Xc.0017.wav|형제들아
bda3Xxbo2Xc.0018.wav|내가 너희와 같이 되었은즉 너희도 나와 같이 되기를 구하노라
bda3Xxbo2Xc.0019.wav|너희가 내게 해롭게 하지 아니하였느니라
bda3Xxbo2Xc.0020.wav|내가 처음에 육체의 약함으로 말미암아 너희에게 복음을 전한 것을 너희가 아는 바라
bda3Xxbo2Xc.0021.wav|너희를 시험하는 것이 내 육체에 있으되
bda3Xxbo2Xc.0022.wav|이것을 너희가 업신여기지도 아니하며 버리지도 아니하고 오직 나를 하나님의 천사와 같이 또는 그리스도 예수와 같이 영접하였도다
bda3Xxbo2Xc.0023.wav|너희의 복이 지금 어디 있느냐
bda3Xxbo2Xc.0024.wav|내가 너희에게 증언하노니 너희가 할 수만 있었더라면 너희의 눈이라도 빼어 나에게 주었으리라
bda3Xxbo2Xc.0025.wav|그런즉 내가 너희에게 참된 말을 하므로 원수가 되었느냐
bda3Xxbo2Xc.0026.wav|그들이 너희에게 대하여 열심 내는 것은 좋은 뜻이 아니요
bda3Xxbo2Xc.0027.wav|오직 너희를 이간시켜 너희로 그들에게 대하여 열심을 내게 하려 함이라
bda3Xxbo2Xc.0028.wav|좋은 일에 대하여 열심으로 사모함을 받음은 내가 너희를 대하였을 때뿐 아니라 언제든지 좋으니라 나의 자녀들아
bda3Xxbo2Xc.0029.wav|너희 속에 그리스도의 형상을 이루기까지 다시 너희를 위하여 해산하는 수고를 하노니
bda3Xxbo2Xc.0030.wav|내가 이제라도 너희와 함께 있어 내 언성을 높이려 함은
bda3Xxbo2Xc.0031.wav|너희에 대하여 의혹이 있음이라
bda3Xxbo2Xc.0032.wav|내게 말하라 율법 아래에 있고자 하는 자들아 율법을 듣지 못하였느냐
bda3Xxbo2Xc.0033.wav|기록된 바 아브라함에게 두 아들이 있으니
bda3Xxbo2Xc.0034.wav|하나는 여종에게서, 하나는 자유 있는 여자에게서 났다 하였으며
bda3Xxbo2Xc.0035.wav|여종에게서는 육체를 따라 났고 자유 있는 여자에게서는 약속으로 말미암았느니라
bda3Xxbo2Xc.0036.wav|이것은 비유니
bda3Xxbo2Xc.0037.wav|이 여자들은 두 언약이라
bda3Xxbo2Xc.0038.wav|하나는 시내 산으로부터 종을 낳은 자니 곧 하갈이라
bda3Xxbo2Xc.0039.wav|이 하갈은 아라비아에 있는 시내 산으로서 지금 있는 예루살렘과 같은 곳이니
bda3Xxbo2Xc.0040.wav|그가 그 자녀들과 더불어 종 노릇 하고
bda3Xxbo2Xc.0041.wav|오직 위에 있는 예루살렘은 자유자니 곧 우리 어머니라
bda3Xxbo2Xc.0042.wav|기록된 바
bda3Xxbo2Xc.0043.wav|잉태하지 못한 자여 즐거워하라
bda3Xxbo2Xc.0044.wav|산고를 모르는 자여 소리 질러 외치라
bda3Xxbo2Xc.0045.wav|이는 홀로 사는 자의 자녀가 남편 있는 자의 자녀보다 많음이라 하였으니
bda3Xxbo2Xc.0046.wav|형제들아 너희는 이삭과 같이 약속의 자녀라
bda3Xxbo2Xc.0047.wav|그러나 그 때에 육체를 따라 난 자가 성령을 따라 난 자를 박해한 것 같이 이제도 그러하도다
bda3Xxbo2Xc.0048.wav|그러나 성경이 무엇을 말하느냐 여종과 그 아들을 내쫓으라
bda3Xxbo2Xc.0049.wav|여종의 아들이 자유 있는 여자의 아들과 더불어 유업을 얻지 못하리라 하였느니라
bda3Xxbo2Xc.0050.wav|그런즉 형제들아
bda3Xxbo2Xc.0051.wav|우리는 여종의 자녀가 아니요
